id,gold_label,weak_label,entity,answer_span,start,end,cue,text,source,notes
gold-00001,,affirmed,心脑血管疾病,心脑血管疾病,127,133,,引发早泄的主要病因，和很多方面都相关，常见的是患者自身的心里因素，包括像压力大，情绪焦虑，以及对性生活的过于担忧等，也可能是因为患者自身缺少性知识，频繁手淫就可能导致早泄，再者，早泄的发生其实和一些疾病也是有关系的，包括前列腺和泌尿系的一些炎症感染，或是心脑血管疾病以及高血糖，早泄对男性身心造成的创伤都是较大的，建议了解病因后正确预防,dialogue_weak:早泄:answer:男科5-13000.csv:2,
gold-00002,,affirmed,泌尿系感染,泌尿系感染,114,119,,之所以会发生早泄，与很多方面都有关联，其中心理问题是比较主要的，如在性生活被人为的突然中断，亦或是受到了一些不良的外界因素影响等，也可能是因为患者自身缺少性知识，手淫过度，早泄就会发生，或是像一些疾病的发生也是早泄的诱因之一，如泌尿系感染和前列腺问题，或是心脑血管和糖尿病等，早泄对男性身心造成的创伤都是较大的，建议了解病因后正确预防,dialogue_weak:早泄:answer:男科5-13000.csv:3,
gold-00003,,affirmed,心脑血管疾病,心脑血管疾病,136,142,,早泄情况发生的原因，常见的有这几种，目前看来主要是患者心理上出现了一些问题，在性生活时受到一些不良因素的影响，或者是夫妻感情不合，另外，缺少对性的正确认知，常常自己自慰，就会导致早泄，再者，诱发早泄的还有可能是患者自身的一些其它疾病，包括前列腺和泌尿系的一些炎症感染，或是心脑血管疾病以及高血糖，所以男性要正确了解性知识，保持健康，预防早泄发生,dialogue_weak:早泄:answer:男科5-13000.csv:5,
gold-00004,,affirmed,器质性的疾病,器质性的疾病,109,115,,早射的发生诱因，主要受以下方面的影响，目前看来主要是患者心理上出现了一些问题，比如一些男性可能幼时看到过一些不良的事件，或是第一次的性体验并不是很愉快等，如果男性对性知识缺少了解，常常手淫就会引起早泄，或者说，患有一些器质性的疾病，常见的有前列腺和泌尿系问题，还有就是有心脑血管疾病的情况下，早泄的病因并不单一，了解后务必要正确预防,dialogue_weak:早泄:answer:男科5-13000.csv:6,
gold-00005,,affirmed,还有就是有心脑血管疾病,还有就是有心脑血管疾病,130,141,,早射的发生诱因，主要受以下方面的影响，目前看来主要是患者心理上出现了一些问题，比如一些男性可能幼时看到过一些不良的事件，或是第一次的性体验并不是很愉快等，如果男性对性知识缺少了解，常常手淫就会引起早泄，或者说，患有一些器质性的疾病，常见的有前列腺和泌尿系问题，还有就是有心脑血管疾病的情况下，早泄的病因并不单一，了解后务必要正确预防,dialogue_weak:早泄:answer:男科5-13000.csv:6,
gold-00006,,affirmed,早泄的病,早泄的病,146,150,,早射的发生诱因，主要受以下方面的影响，目前看来主要是患者心理上出现了一些问题，比如一些男性可能幼时看到过一些不良的事件，或是第一次的性体验并不是很愉快等，如果男性对性知识缺少了解，常常手淫就会引起早泄，或者说，患有一些器质性的疾病，常见的有前列腺和泌尿系问题，还有就是有心脑血管疾病的情况下，早泄的病因并不单一，了解后务必要正确预防,dialogue_weak:早泄:answer:男科5-13000.csv:6,
gold-00007,,affirmed,会有心脑血管疾病,会有心脑血管疾病,135,143,,导致出现早泄的病因，主要受到这些方面的影响，其中心理问题是比较主要的，这和目前男性生活、工作压力以及患者自身的性格都是有密切关系的，男性如果没有及时的接受性教育，手淫过度，早泄就会发生，还有如果得病了也会成为早泄的诱因之一，常见的有前列腺和泌尿系问题，或是发生股份骨折，会有心脑血管疾病，所以男性要正确了解性知识，保持健康，预防早泄发生,dialogue_weak:早泄:answer:男科5-13000.csv:7,
gold-00008,,affirmed,早泄的常见病,早泄的常见病,0,6,,早泄的常见病因，受到这些方面的影响，心理因素是比较常见的，男性在性生活的过程中被迫中断，或是受到一些惊吓，亦或是一些不良的外界因素干扰等，很多缺乏性知识的男性，经常自慰手淫就会成为早泄导火索，还有比较严重的一点，那就是一些器质性疾病的发生，常见的疾病主要是前列腺和泌尿系，或有糖尿病或是骨折等，这边建议你在了解了早泄病因之后是可以去正确进行预防的,dialogue_weak:早泄:answer:男科5-13000.csv:8,
gold-00009,,affirmed,常见的疾病,常见的疾病,120,125,,早泄的常见病因，受到这些方面的影响，心理因素是比较常见的，男性在性生活的过程中被迫中断，或是受到一些惊吓，亦或是一些不良的外界因素干扰等，很多缺乏性知识的男性，经常自慰手淫就会成为早泄导火索，还有比较严重的一点，那就是一些器质性疾病的发生，常见的疾病主要是前列腺和泌尿系，或有糖尿病或是骨折等，这边建议你在了解了早泄病因之后是可以去正确进行预防的,dialogue_weak:早泄:answer:男科5-13000.csv:8,
gold-00010,,affirmed,或有糖尿病,或有糖尿病,136,141,,早泄的常见病因，受到这些方面的影响，心理因素是比较常见的，男性在性生活的过程中被迫中断，或是受到一些惊吓，亦或是一些不良的外界因素干扰等，很多缺乏性知识的男性，经常自慰手淫就会成为早泄导火索，还有比较严重的一点，那就是一些器质性疾病的发生，常见的疾病主要是前列腺和泌尿系，或有糖尿病或是骨折等，这边建议你在了解了早泄病因之后是可以去正确进行预防的,dialogue_weak:早泄:answer:男科5-13000.csv:8,
gold-00011,,affirmed,这边建议你在了解了早泄病,这边建议你在了解了早泄病,147,159,,早泄的常见病因，受到这些方面的影响，心理因素是比较常见的，男性在性生活的过程中被迫中断，或是受到一些惊吓，亦或是一些不良的外界因素干扰等，很多缺乏性知识的男性，经常自慰手淫就会成为早泄导火索，还有比较严重的一点，那就是一些器质性疾病的发生，常见的疾病主要是前列腺和泌尿系，或有糖尿病或是骨折等，这边建议你在了解了早泄病因之后是可以去正确进行预防的,dialogue_weak:早泄:answer:男科5-13000.csv:8,
gold-00012,,affirmed,心脑血管疾病,心脑血管疾病,123,129,,男性早泄的主因，和很多方面都相关，心理问题是其中比较主要的因素，比如过去性生活时受到过惊吓，有不愉快的体验等，另外，缺少性知识，经常自慰手淫就会成为早泄导火索，再者，早泄的发生其实和一些疾病也是有关系的，常见的有前列腺和泌尿系问题，或是血糖偏高，心脑血管疾病等，所以男性要正确了解性知识，保持健康，预防早泄发生,dialogue_weak:早泄:answer:男科5-13000.csv:10,
gold-00013,,affirmed,器质性疾病,器质性疾病,114,119,,发生早射的原因，和很多方面都有关系，心理问题的发生是其中比较主要的一点，比如一些男性可能幼时看到过一些不良的事件，或是第一次的性体验并不是很愉快等，除心理因素之外，男性如果缺少对性知识的认知，手淫过度，早泄就会发生，再者，像一些器质性疾病也会导致早泄发生，比如一些男性疾病，前列腺炎、前列腺增生等，或是糖尿病，心脑血管病变等，所以导致早泄发生的因素很多，要从多方面入手进行预防,dialogue_weak:早泄:answer:男科5-13000.csv:11,
gold-00014,,affirmed,前列腺炎,前列腺炎,137,141,,发生早射的原因，和很多方面都有关系，心理问题的发生是其中比较主要的一点，比如一些男性可能幼时看到过一些不良的事件，或是第一次的性体验并不是很愉快等，除心理因素之外，男性如果缺少对性知识的认知，手淫过度，早泄就会发生，再者，像一些器质性疾病也会导致早泄发生，比如一些男性疾病，前列腺炎、前列腺增生等，或是糖尿病，心脑血管病变等，所以导致早泄发生的因素很多，要从多方面入手进行预防,dialogue_weak:早泄:answer:男科5-13000.csv:11,
gold-00015,,affirmed,糖尿病,糖尿病,151,154,,发生早射的原因，和很多方面都有关系，心理问题的发生是其中比较主要的一点，比如一些男性可能幼时看到过一些不良的事件，或是第一次的性体验并不是很愉快等，除心理因素之外，男性如果缺少对性知识的认知，手淫过度，早泄就会发生，再者，像一些器质性疾病也会导致早泄发生，比如一些男性疾病，前列腺炎、前列腺增生等，或是糖尿病，心脑血管病变等，所以导致早泄发生的因素很多，要从多方面入手进行预防,dialogue_weak:早泄:answer:男科5-13000.csv:11,
gold-00016,,affirmed,心脑血管病,心脑血管病,155,160,,发生早射的原因，和很多方面都有关系，心理问题的发生是其中比较主要的一点，比如一些男性可能幼时看到过一些不良的事件，或是第一次的性体验并不是很愉快等，除心理因素之外，男性如果缺少对性知识的认知，手淫过度，早泄就会发生，再者，像一些器质性疾病也会导致早泄发生，比如一些男性疾病，前列腺炎、前列腺增生等，或是糖尿病，心脑血管病变等，所以导致早泄发生的因素很多，要从多方面入手进行预防,dialogue_weak:早泄:answer:男科5-13000.csv:11,
gold-00017,,affirmed,早泄的常见病,早泄的常见病,0,6,,早泄的常见病因，和以下几个方面有关，常见的是患者自身的心里因素，如在性生活被人为的突然中断，亦或是受到了一些不良的外界因素影响等，其次，像一些对性知识并不了解的男性，长期看一些不良书刊就会加大早泄概率，除了这两点，男性如果患上一些男科疾病也会诱发早泄，尤其是像前列腺和泌尿系疾病，或是糖尿病，心脑血管病变等，早泄对男性身心造成的创伤都是较大的，建议了解病因后正确预防,dialogue_weak:早泄:answer:男科5-13000.csv:12,
gold-00018,,affirmed,糖尿病,糖尿病,142,145,,早泄的常见病因，和以下几个方面有关，常见的是患者自身的心里因素，如在性生活被人为的突然中断，亦或是受到了一些不良的外界因素影响等，其次，像一些对性知识并不了解的男性，长期看一些不良书刊就会加大早泄概率，除了这两点，男性如果患上一些男科疾病也会诱发早泄，尤其是像前列腺和泌尿系疾病，或是糖尿病，心脑血管病变等，早泄对男性身心造成的创伤都是较大的，建议了解病因后正确预防,dialogue_weak:早泄:answer:男科5-13000.csv:12,
gold-00019,,affirmed,心脑血管病,心脑血管病,146,151,,早泄的常见病因，和以下几个方面有关，常见的是患者自身的心里因素，如在性生活被人为的突然中断，亦或是受到了一些不良的外界因素影响等，其次，像一些对性知识并不了解的男性，长期看一些不良书刊就会加大早泄概率，除了这两点，男性如果患上一些男科疾病也会诱发早泄，尤其是像前列腺和泌尿系疾病，或是糖尿病，心脑血管病变等，早泄对男性身心造成的创伤都是较大的，建议了解病因后正确预防,dialogue_weak:早泄:answer:男科5-13000.csv:12,
gold-00020,,affirmed,器质性疾病,器质性疾病,105,110,,早射的发生诱因，主要受到这些方面的影响，首先可能是患者自身的心理因素，男性在性生活的过程中被迫中断，或是受到一些惊吓，亦或是一些不良的外界因素干扰等，另外，缺少对性的正确认知，长期手淫都会导致早泄，再者，像一些器质性疾病也会导致早泄发生，比如前列腺疾病或是泌尿系感染，或是血糖偏高，心脑血管疾病等，建议定期对性知识进行了解，并且及时疏导心理，检查身体，正确预防,dialogue_weak:早泄:answer:男科5-13000.csv:14,
gold-00021,,affirmed,前列腺疾病或是泌尿系感染,前列腺疾病或是泌尿系感染,121,133,,早射的发生诱因，主要受到这些方面的影响，首先可能是患者自身的心理因素，男性在性生活的过程中被迫中断，或是受到一些惊吓，亦或是一些不良的外界因素干扰等，另外，缺少对性的正确认知，长期手淫都会导致早泄，再者，像一些器质性疾病也会导致早泄发生，比如前列腺疾病或是泌尿系感染，或是血糖偏高，心脑血管疾病等，建议定期对性知识进行了解，并且及时疏导心理，检查身体，正确预防,dialogue_weak:早泄:answer:男科5-13000.csv:14,
gold-00022,,affirmed,心脑血管疾病,心脑血管疾病,141,147,,早射的发生诱因，主要受到这些方面的影响，首先可能是患者自身的心理因素，男性在性生活的过程中被迫中断，或是受到一些惊吓，亦或是一些不良的外界因素干扰等，另外，缺少对性的正确认知，长期手淫都会导致早泄，再者，像一些器质性疾病也会导致早泄发生，比如前列腺疾病或是泌尿系感染，或是血糖偏高，心脑血管疾病等，建议定期对性知识进行了解，并且及时疏导心理，检查身体，正确预防,dialogue_weak:早泄:answer:男科5-13000.csv:14,
gold-00023,,affirmed,前列腺疾病或是泌尿系感染,前列腺疾病或是泌尿系感染,105,117,,男性发生早泄的原因，和很多方面都相关，比如像男性自身心理上出现了一些问题，比如像夫妻感情不和，或是第一次性体验不愉快，很多缺乏性知识的男性，无节制的手淫就会引发早泄，或是像一些疾病的发生也是早泄的诱因之一，比如前列腺疾病或是泌尿系感染，或是糖尿病，心脑血管病变等，所以疾病的发生和生活中很多方面都有关，要多方入手进行预防,dialogue_weak:早泄:answer:男科5-13000.csv:15,
gold-00024,,affirmed,糖尿病,糖尿病,120,123,,男性发生早泄的原因，和很多方面都相关，比如像男性自身心理上出现了一些问题，比如像夫妻感情不和，或是第一次性体验不愉快，很多缺乏性知识的男性，无节制的手淫就会引发早泄，或是像一些疾病的发生也是早泄的诱因之一，比如前列腺疾病或是泌尿系感染，或是糖尿病，心脑血管病变等，所以疾病的发生和生活中很多方面都有关，要多方入手进行预防,dialogue_weak:早泄:answer:男科5-13000.csv:15,
gold-00025,,affirmed,心脑血管病,心脑血管病,124,129,,男性发生早泄的原因，和很多方面都相关，比如像男性自身心理上出现了一些问题，比如像夫妻感情不和，或是第一次性体验不愉快，很多缺乏性知识的男性，无节制的手淫就会引发早泄，或是像一些疾病的发生也是早泄的诱因之一，比如前列腺疾病或是泌尿系感染，或是糖尿病，心脑血管病变等，所以疾病的发生和生活中很多方面都有关，要多方入手进行预防,dialogue_weak:早泄:answer:男科5-13000.csv:15,
gold-00026,,affirmed,所以疾病,所以疾病,132,136,,男性发生早泄的原因，和很多方面都相关，比如像男性自身心理上出现了一些问题，比如像夫妻感情不和，或是第一次性体验不愉快，很多缺乏性知识的男性，无节制的手淫就会引发早泄，或是像一些疾病的发生也是早泄的诱因之一，比如前列腺疾病或是泌尿系感染，或是糖尿病，心脑血管病变等，所以疾病的发生和生活中很多方面都有关，要多方入手进行预防,dialogue_weak:早泄:answer:男科5-13000.csv:15,
gold-00027,,affirmed,早泄发生的病,早泄发生的病,128,134,,导致出现早泄的病因，有以下几种，首先可能是患者自身的心理因素，比如过去性生活的时候发生过一些不愉快，不管是突然中断或是受到一些惊吓等，另外，男性对性知识没有一个很好的了解，常常手淫就会引起早泄，还有男性如果患病，比如前列腺疾病或是泌尿系感染，或是骨盆骨折，早泄发生的病因主要就这几个方面，可以有针对性的去进行预防,dialogue_weak:早泄:answer:男科5-13000.csv:16,
gold-00028,,affirmed,器质性疾病,器质性疾病,101,106,,可能诱发早泄的因素，和很多方面都相关，首先可能是患者自身的一些心理问题导致的，这和目前男性生活、工作压力以及患者自身的性格都是有密切关系的，此外，和男性对性知识的漠视，长期手淫都会导致早泄，再者，像一些器质性疾病也会导致早泄发生，常见的疾病主要是前列腺和泌尿系，或是骨盆骨折，所以对于男性而言预防早泄是需要从很多方面入手的,dialogue_weak:早泄:answer:男科5-13000.csv:18,
gold-00029,,affirmed,常见的疾病,常见的疾病,115,120,,可能诱发早泄的因素，和很多方面都相关，首先可能是患者自身的一些心理问题导致的，这和目前男性生活、工作压力以及患者自身的性格都是有密切关系的，此外，和男性对性知识的漠视，长期手淫都会导致早泄，再者，像一些器质性疾病也会导致早泄发生，常见的疾病主要是前列腺和泌尿系，或是骨盆骨折，所以对于男性而言预防早泄是需要从很多方面入手的,dialogue_weak:早泄:answer:男科5-13000.csv:18,
gold-00030,,affirmed,早泄的常见病,早泄的常见病,0,6,,早泄的常见病因，常与这些方面相关，首先可能是患者自身的心理因素，比如部分男性比较自卑，在另一半面前抬不起头，或是工作压力大，情绪焦虑等，另外还有对性知识认知的匮乏，常常自己自慰，就会导致早泄，还有就是一些器质性疾病了，像是前列腺炎症啦，尿路感染等，或是心脑血管疾病以及高血糖，所以男性要正确了解性知识，保持健康，预防早泄发生,dialogue_weak:早泄:answer:男科5-13000.csv:19,
gold-00031,,affirmed,是前列腺炎症,是前列腺炎症,110,116,,早泄的常见病因，常与这些方面相关，首先可能是患者自身的心理因素，比如部分男性比较自卑，在另一半面前抬不起头，或是工作压力大，情绪焦虑等，另外还有对性知识认知的匮乏，常常自己自慰，就会导致早泄，还有就是一些器质性疾病了，像是前列腺炎症啦，尿路感染等，或是心脑血管疾病以及高血糖，所以男性要正确了解性知识，保持健康，预防早泄发生,dialogue_weak:早泄:answer:男科5-13000.csv:19,
gold-00032,,affirmed,尿路感染,尿路感染,118,122,,早泄的常见病因，常与这些方面相关，首先可能是患者自身的心理因素，比如部分男性比较自卑，在另一半面前抬不起头，或是工作压力大，情绪焦虑等，另外还有对性知识认知的匮乏，常常自己自慰，就会导致早泄，还有就是一些器质性疾病了，像是前列腺炎症啦，尿路感染等，或是心脑血管疾病以及高血糖，所以男性要正确了解性知识，保持健康，预防早泄发生,dialogue_weak:早泄:answer:男科5-13000.csv:19,
gold-00033,,affirmed,心脑血管疾病,心脑血管疾病,126,132,,早泄的常见病因，常与这些方面相关，首先可能是患者自身的心理因素，比如部分男性比较自卑，在另一半面前抬不起头，或是工作压力大，情绪焦虑等，另外还有对性知识认知的匮乏，常常自己自慰，就会导致早泄，还有就是一些器质性疾病了，像是前列腺炎症啦，尿路感染等，或是心脑血管疾病以及高血糖，所以男性要正确了解性知识，保持健康，预防早泄发生,dialogue_weak:早泄:answer:男科5-13000.csv:19,
gold-00034,,affirmed,器质性的疾病,器质性的疾病,119,125,,早泄发生的主要因素，常与这些方面相关，首先可能是患者自身的心理因素，比如过去性生活的时候发生过一些不愉快，不管是突然中断或是受到一些惊吓等，此外，调查发现很多早泄的男性对性知识的了解少之又少，长期观看不良视频就会引发早泄，或者说，患有一些器质性的疾病，如泌尿系统的感染或是前列腺疾病，或是像高血糖以及心脑血管等疾病，所以男性要正确了解性知识，保持健康，预防早泄发生,dialogue_weak:早泄:answer:男科5-13000.csv:21,
gold-00035,,affirmed,泌尿系统的感染或是前列腺疾病,泌尿系统的感染或是前列腺疾病,127,141,,早泄发生的主要因素，常与这些方面相关，首先可能是患者自身的心理因素，比如过去性生活的时候发生过一些不愉快，不管是突然中断或是受到一些惊吓等，此外，调查发现很多早泄的男性对性知识的了解少之又少，长期观看不良视频就会引发早泄，或者说，患有一些器质性的疾病，如泌尿系统的感染或是前列腺疾病，或是像高血糖以及心脑血管等疾病，所以男性要正确了解性知识，保持健康，预防早泄发生,dialogue_weak:早泄:answer:男科5-13000.csv:21,
gold-00036,,affirmed,常见的疾病,常见的疾病,115,120,,发生早射的原因，与多个方面都有一定的影响，首先可能是患者自身的一些心理问题导致的，比如，当代男性的压力是比较大的，所以长期处于高度紧张的状态，也可能是因为患者自身缺少性知识，经常自慰手淫就会成为早泄导火索，或者说像一些疾病的发生，常见的疾病主要是前列腺和泌尿系，或是发生股份骨折，会有心脑血管疾病，早泄一旦发生治疗起来难度就很大，建议男性们在生活中务必要积极预防,dialogue_weak:早泄:answer:男科5-13000.csv:23,
gold-00037,,affirmed,会有心脑血管疾病,会有心脑血管疾病,140,148,,发生早射的原因，与多个方面都有一定的影响，首先可能是患者自身的一些心理问题导致的，比如，当代男性的压力是比较大的，所以长期处于高度紧张的状态，也可能是因为患者自身缺少性知识，经常自慰手淫就会成为早泄导火索，或者说像一些疾病的发生，常见的疾病主要是前列腺和泌尿系，或是发生股份骨折，会有心脑血管疾病，早泄一旦发生治疗起来难度就很大，建议男性们在生活中务必要积极预防,dialogue_weak:早泄:answer:男科5-13000.csv:23,
gold-00038,,affirmed,是前列腺炎症,是前列腺炎症,110,116,,早泄发生的主要因素，和这些方面都是有关系的，首当其冲的就是患者自身的心理因素，包括像压力大，情绪焦虑，以及对性生活的过于担忧等，此外，和男性对性知识的漠视，总是手淫就会发生早泄，或是像一些疾病的发生也是早泄的诱因之一，像是前列腺炎症啦，尿路感染等，或是像高血糖以及心脑血管等疾病，早泄一旦发生治疗起来难度就很大，建议男性们在生活中务必要积极预防,dialogue_weak:早泄:answer:男科5-13000.csv:24,
gold-00039,,affirmed,尿路感染,尿路感染,118,122,,早泄发生的主要因素，和这些方面都是有关系的，首当其冲的就是患者自身的心理因素，包括像压力大，情绪焦虑，以及对性生活的过于担忧等，此外，和男性对性知识的漠视，总是手淫就会发生早泄，或是像一些疾病的发生也是早泄的诱因之一，像是前列腺炎症啦，尿路感染等，或是像高血糖以及心脑血管等疾病，早泄一旦发生治疗起来难度就很大，建议男性们在生活中务必要积极预防,dialogue_weak:早泄:answer:男科5-13000.csv:24,
gold-00040,,affirmed,泌尿系感染,泌尿系感染,126,131,,可能诱发早泄的因素，和很多方面都有关系，目前看来主要是患者心理上出现了一些问题，比如过去性生活的时候发生过一些不愉快，不管是突然中断或是受到一些惊吓等，其次，像一些对性知识并不了解的男性，长期手淫都会导致早泄，或是像一些疾病的发生也是早泄的诱因之一，如泌尿系感染和前列腺问题，或有糖尿病或是骨折等，所以疾病的发生和生活中很多方面都有关，要多方入手进行预防,dialogue_weak:早泄:answer:男科5-13000.csv:25,
gold-00041,,affirmed,或有糖尿病,或有糖尿病,138,143,,可能诱发早泄的因素，和很多方面都有关系，目前看来主要是患者心理上出现了一些问题，比如过去性生活的时候发生过一些不愉快，不管是突然中断或是受到一些惊吓等，其次，像一些对性知识并不了解的男性，长期手淫都会导致早泄，或是像一些疾病的发生也是早泄的诱因之一，如泌尿系感染和前列腺问题，或有糖尿病或是骨折等，所以疾病的发生和生活中很多方面都有关，要多方入手进行预防,dialogue_weak:早泄:answer:男科5-13000.csv:25,
gold-00042,,affirmed,所以疾病,所以疾病,149,153,,可能诱发早泄的因素，和很多方面都有关系，目前看来主要是患者心理上出现了一些问题，比如过去性生活的时候发生过一些不愉快，不管是突然中断或是受到一些惊吓等，其次，像一些对性知识并不了解的男性，长期手淫都会导致早泄，或是像一些疾病的发生也是早泄的诱因之一，如泌尿系感染和前列腺问题，或有糖尿病或是骨折等，所以疾病的发生和生活中很多方面都有关，要多方入手进行预防,dialogue_weak:早泄:answer:男科5-13000.csv:25,
gold-00043,,affirmed,早泄的常见病,早泄的常见病,0,6,,早泄的常见病因，主要受到这些方面的影响，心理问题的发生是其中比较主要的一点，比如，当代男性的压力是比较大的，所以长期处于高度紧张的状态，男性如果没有及时的接受性教育，经常观摩一些刺激性的图文、视频均可导致早泄，还有比较严重的一点，那就是一些器质性疾病的发生，如前列腺炎、泌尿系统感染，还有就是有心脑血管疾病的情况下，这边建议你在了解了早泄病因之后是可以去正确进行预防的,dialogue_weak:早泄:answer:男科5-13000.csv:26,
gold-00044,,affirmed,前列腺炎,前列腺炎,130,134,,早泄的常见病因，主要受到这些方面的影响，心理问题的发生是其中比较主要的一点，比如，当代男性的压力是比较大的，所以长期处于高度紧张的状态，男性如果没有及时的接受性教育，经常观摩一些刺激性的图文、视频均可导致早泄，还有比较严重的一点，那就是一些器质性疾病的发生，如前列腺炎、泌尿系统感染，还有就是有心脑血管疾病的情况下，这边建议你在了解了早泄病因之后是可以去正确进行预防的,dialogue_weak:早泄:answer:男科5-13000.csv:26,
gold-00045,,affirmed,泌尿系统感染,泌尿系统感染,135,141,,早泄的常见病因，主要受到这些方面的影响，心理问题的发生是其中比较主要的一点，比如，当代男性的压力是比较大的，所以长期处于高度紧张的状态，男性如果没有及时的接受性教育，经常观摩一些刺激性的图文、视频均可导致早泄，还有比较严重的一点，那就是一些器质性疾病的发生，如前列腺炎、泌尿系统感染，还有就是有心脑血管疾病的情况下，这边建议你在了解了早泄病因之后是可以去正确进行预防的,dialogue_weak:早泄:answer:男科5-13000.csv:26,
gold-00046,,affirmed,还有就是有心脑血管疾病,还有就是有心脑血管疾病,142,153,,早泄的常见病因，主要受到这些方面的影响，心理问题的发生是其中比较主要的一点，比如，当代男性的压力是比较大的，所以长期处于高度紧张的状态，男性如果没有及时的接受性教育，经常观摩一些刺激性的图文、视频均可导致早泄，还有比较严重的一点，那就是一些器质性疾病的发生，如前列腺炎、泌尿系统感染，还有就是有心脑血管疾病的情况下，这边建议你在了解了早泄病因之后是可以去正确进行预防的,dialogue_weak:早泄:answer:男科5-13000.csv:26,
gold-00047,,affirmed,这边建议你在了解了早泄病,这边建议你在了解了早泄病,158,170,,早泄的常见病因，主要受到这些方面的影响，心理问题的发生是其中比较主要的一点，比如，当代男性的压力是比较大的，所以长期处于高度紧张的状态，男性如果没有及时的接受性教育，经常观摩一些刺激性的图文、视频均可导致早泄，还有比较严重的一点，那就是一些器质性疾病的发生，如前列腺炎、泌尿系统感染，还有就是有心脑血管疾病的情况下，这边建议你在了解了早泄病因之后是可以去正确进行预防的,dialogue_weak:早泄:answer:男科5-13000.csv:26,
gold-00048,,affirmed,或有糖尿病,或有糖尿病,119,124,,之所以会发生早泄，和这些方面都是有关系的，首先可能是患者自身的心理因素，比如患者在过去的性生活中有过一些不愉快的体验，或是受到过惊吓，男性如果没有及时的接受性教育，常常手淫就会引起早泄，或者说像一些疾病的发生，常见的有前列腺和泌尿系问题，或有糖尿病或是骨折等，早泄发生的病因主要就这几个方面，可以有针对性的去进行预防,dialogue_weak:早泄:answer:男科5-13000.csv:27,
gold-00049,,affirmed,早泄发生的病,早泄发生的病,130,136,,之所以会发生早泄，和这些方面都是有关系的，首先可能是患者自身的心理因素，比如患者在过去的性生活中有过一些不愉快的体验，或是受到过惊吓，男性如果没有及时的接受性教育，常常手淫就会引起早泄，或者说像一些疾病的发生，常见的有前列腺和泌尿系问题，或有糖尿病或是骨折等，早泄发生的病因主要就这几个方面，可以有针对性的去进行预防,dialogue_weak:早泄:answer:男科5-13000.csv:27,
gold-00050,,affirmed,男人早泄的病,男人早泄的病,0,6,,男人早泄的病因，和这些方面都是有关系的，首当其冲的就是患者自身的心理因素，在性生活时受到一些不良因素的影响，或者是夫妻感情不合，此外，对性知识了解匮乏，看一些不健康的图书、音频，就容易发生早泄，还有男性如果患病，比如像前列腺炎、前列腺钙化等，或有糖尿病或是骨折等，以上这些因素均可导致早泄的发生，建议每一位男性都有所重视,dialogue_weak:早泄:answer:男科5-13000.csv:28,
gold-00051,,negated,器质性的疾病,器质性的疾病,99,105,无,早泄情况发生的原因，受到这些方面的影响，首先可能是患者自身的心理因素，比如在过去的性生活中有过不好的体验，亦或是夫妻感情不合等，另外还有对性知识认知的匮乏，无节制的手淫就会引发早泄，或者说，患有一些器质性的疾病，常见的有前列腺和泌尿系问题，或是血糖高，心脑血管不好，不管病因是什么，早泄的危害是不容忽视的，务必要正确预防,dialogue_weak:早泄:answer:男科5-13000.csv:74,
gold-00052,,negated,器质性疾病,器质性疾病,97,102,无,引发早泄的原因，主要包括这些，目前看来男性心理问题占大部分，比如在过去的性生活中有过不好的体验，亦或是夫妻感情不合等，再者，一些男性如果缺少对性知识的认知，无节制的手淫就会引发早泄，再者，像一些器质性疾病也会导致早泄发生，比如前列腺疾病或是泌尿系感染，或有糖尿病或是骨折等，所以早泄的发生和很多因素都有关，要正确预防,dialogue_weak:早泄:answer:男科5-13000.csv:79,
gold-00053,,negated,确认是慢性前列腺炎症,确认是慢性前列腺炎症,2,12,无,如果确认是慢性前列腺炎症，一般是无菌性炎症，可以口服中药治疗调养，症状逐渐获得压制。,dialogue_weak:前列腺炎:answer:男科5-13000.csv:98,
gold-00054,,negated,可以口服中药,可以口服中药,22,28,无,如果确认是慢性前列腺炎症，一般是无菌性炎症，可以口服中药治疗调养，症状逐渐获得压制。,dialogue_weak:前列腺炎:answer:男科5-13000.csv:98,
gold-00055,,negated,中药治疗精囊炎,中药治疗精囊炎,11,18,无,建议口服中药进行治疗，中药治疗精囊炎，无副作用，不会对身体造成危害，治疗，缓解后不会复发,dialogue_weak:精囊炎:answer:男科5-13000.csv:118,
gold-00056,,negated,阴囊潮湿不是病,阴囊潮湿不是病,0,7,无,阴囊潮湿不是病态，因此如无其它不适，留意局部的清洁干燥即可，平时留意清淡饮食，少吃生冷食物，少吃辛辣鱼腥食物，不过一般阴囊的潮湿可能会和前列腺疾病是有的关系的，建议你还是积极做前列腺的仔细检查确认具体的病情，留意对症治疗，如果同时伴发搔痒，可能会是由于潮湿滋长细菌引发了传染，必要时涂抹对症乳膏软膏治疗，具体可以到医院系统仔细检查治疗多吃壮阳食物：壮阳食物主要有狗肉、羊肉、麻雀、核桃、牛鞭、羊肾等,dialogue_weak:阴囊湿疹:answer:男科5-13000.csv:133,
gold-00057,,negated,轻症,轻症,0,2,无,轻症和无生精功能障碍者不需救治。,dialogue_weak:精索静脉曲张:answer:男科5-13000.csv:152,
gold-00058,,negated,可以口服对症胶囊药,可以口服对症胶囊药,5,14,无,如无转好，可以口服对症胶囊药物，或同房前口服对症药物或者希爱力来稳定同房质。,dialogue_weak:阳痿:answer:男科5-13000.csv:154,
gold-00059,,negated,慢性前列腺炎,慢性前列腺炎,0,6,无,慢性前列腺炎绝大部分是无菌性的。,dialogue_weak:前列腺炎:answer:男科5-13000.csv:156,
gold-00060,,negated,可以口服补肾益气药,可以口服补肾益气药,5,14,无,如无转好，可以口服补肾益气药物治疗。,dialogue_weak:阳痿:answer:男科5-13000.csv:162,
gold-00061,,negated,因为前列腺炎这个病,因为前列腺炎这个病,30,39,没有,发现前列腺炎最重要的是心理调理，首先要对前列腺炎不要太焦虑，因为前列腺炎这个病对人没有很大的伤害，第二个前列腺炎如果没有什么症状，它可以跟人和谐共处不需要去管，如果有前列腺炎最重要的一条就是戒烟、戒酒戒槟榔、不久坐，然后接受它不用管它。,dialogue_weak:前列腺炎:answer:男科5-13000.csv:230,
gold-00062,,negated,什么症,什么症,60,63,没有,发现前列腺炎最重要的是心理调理，首先要对前列腺炎不要太焦虑，因为前列腺炎这个病对人没有很大的伤害，第二个前列腺炎如果没有什么症状，它可以跟人和谐共处不需要去管，如果有前列腺炎最重要的一条就是戒烟、戒酒戒槟榔、不久坐，然后接受它不用管它。,dialogue_weak:前列腺炎:answer:男科5-13000.csv:230,
gold-00063,,negated,有前列腺炎,有前列腺炎,82,87,没有,发现前列腺炎最重要的是心理调理，首先要对前列腺炎不要太焦虑，因为前列腺炎这个病对人没有很大的伤害，第二个前列腺炎如果没有什么症状，它可以跟人和谐共处不需要去管，如果有前列腺炎最重要的一条就是戒烟、戒酒戒槟榔、不久坐，然后接受它不用管它。,dialogue_weak:前列腺炎:answer:男科5-13000.csv:230,
gold-00064,,negated,乏力盗汗怕冷怕热等等症,乏力盗汗怕冷怕热等等症,12,23,无,可以密切观察看看，如果无乏力盗汗怕冷怕热等等症状，无须处理，无须药物治疗。,dialogue_weak:遗精:answer:男科5-13000.csv:254,
gold-00065,,negated,须药,须药,31,33,无,可以密切观察看看，如果无乏力盗汗怕冷怕热等等症状，无须处理，无须药物治疗。,dialogue_weak:遗精:answer:男科5-13000.csv:254,
gold-00066,,negated,龟头瘙痒一般都是由于包皮龟头炎,龟头瘙痒一般都是由于包皮龟头炎,26,41,排除,朋友您好，如果您没不洁性生活的话，一般可以排除性病，龟头瘙痒一般都是由于包皮龟头炎致使的，不加治疗的话，炎症不但会蔓延到尿道引起尿道炎，还会蔓延到前列腺等生殖器引起严重，给男性的生育能力引发重大影响。,dialogue_weak:龟头炎:answer:男科5-13000.csv:278,
gold-00067,,negated,不幸仔细检查出患上包皮龟头炎,不幸仔细检查出患上包皮龟头炎,2,16,无,如果不幸仔细检查出患上包皮龟头炎也无须紧张，去正规的男科医院还是能及时的自愈的。,dialogue_weak:龟头炎:answer:男科5-13000.csv:278,
gold-00068,,negated,喝药,喝药,14,16,没有,你先去医院改进相关检查吧如果喝药并没有什么效果的话这个情况有可能需要有考虑手术治疗了。,dialogue_weak:睾丸炎:answer:男科5-13000.csv:333,
gold-00069,,negated,再次出现排尿异常可以口服普乐安片,再次出现排尿异常可以口服普乐安片,19,35,无,一般较轻的纤维化无不适症状不需要治疗，再次出现排尿异常可以口服普乐安片、消炎药治疗。,dialogue_weak:前列腺囊肿:answer:男科5-13000.csv:344,
gold-00070,,negated,普乐安片,普乐安片,31,35,无,一般较轻的纤维化无不适症状不需要治疗，再次出现排尿异常可以口服普乐安片、消炎药治疗。,dialogue_weak:前列腺囊肿:answer:男科5-13000.csv:344,
gold-00071,,negated,因此若症状轻或无症,因此若症状轻或无症,27,36,无,绝大多数肉芽肿性前列腺炎均可自发地缓解而无须特殊治疗，因此若症状轻或无症状，可用不着任何治疗，仅需密切随诊。,dialogue_weak:前列腺炎:answer:男科5-13000.csv:357,
gold-00072,,negated,较小的无症,较小的无症,0,5,无,"较小的无症状,无继发感染可不治疗。",dialogue_weak:前列腺囊肿:answer:男科5-13000.csv:359,
gold-00073,,negated,继发感染,继发感染,8,12,无,"较小的无症状,无继发感染可不治疗。",dialogue_weak:前列腺囊肿:answer:男科5-13000.csv:359,
gold-00074,,negated,这种情况常见于女方有妇科阴道炎,这种情况常见于女方有妇科阴道炎,19,34,排除,"另外,也不能够排除是由于性生活致使的,这种情况常见于女方有妇科阴道炎,通过性生活交叉感染,致使男性患者患包皮龟头炎。",dialogue_weak:龟头炎:answer:男科5-13000.csv:362,
gold-00075,,negated,现在一般绝不会有什么症,现在一般绝不会有什么症,42,53,无,前列腺中的纤维化点一般就是既往有前列腺慢性炎症，愈后遗留下的，只好代表以前有过炎症，现在一般绝不会有什么症状，也无须治疗。,dialogue_weak:前列腺钙化:answer:男科5-13000.csv:389,
gold-00076,,negated,又称之为非特异性附睾炎,又称之为非特异性附睾炎,19,30,阴性,由于传染细菌为革兰阴性杆菌和阳性球菌，又称之为非特异性附睾炎。,dialogue_weak:急性附睾炎:answer:男科5-13000.csv:398,
gold-00077,,negated,前列腺炎,前列腺炎,0,4,无,前列腺炎分细菌性和无菌性，细菌性里还要知晓是哪一种致病菌引来的，如链球菌，大肠杆菌，支原体，衣原体，金黄葡萄球菌等，所以建议你还需要有明确确诊后方才能对症性治疗，病原体不同用药和治疗方案拥有差异，否则容易反反复复复发建议：与吃辛辣食物恰恰相反，清淡饮食可以减低前列腺的压力。,dialogue_weak:前列腺炎:answer:男科5-13000.csv:404,
gold-00078,,negated,细菌性里还要知晓是哪一种致病,细菌性里还要知晓是哪一种致病,13,27,无,前列腺炎分细菌性和无菌性，细菌性里还要知晓是哪一种致病菌引来的，如链球菌，大肠杆菌，支原体，衣原体，金黄葡萄球菌等，所以建议你还需要有明确确诊后方才能对症性治疗，病原体不同用药和治疗方案拥有差异，否则容易反反复复复发建议：与吃辛辣食物恰恰相反，清淡饮食可以减低前列腺的压力。,dialogue_weak:前列腺炎:answer:男科5-13000.csv:404,
gold-00079,,negated,成功自愈了前列腺炎,成功自愈了前列腺炎,100,109,无,超导体涡流磁透析技术，是集高频电磁场剧烈震荡效应、热效应、生物离子、电化学效应、细胞修复效应于一体，将药物直通病灶并迅速吸收，进阶前列腺炎难治的根本原因，实打实以无懈可击的绝对优势设在各传统疗法之上，成功自愈了前列腺炎患者建议到当地正规男科医院去检查一下，在针对治疗。,dialogue_weak:前列腺囊肿:answer:男科5-13000.csv:416,
gold-00080,,negated,损伤,损伤,28,30,无,对于各种前列腺疾病均有重要的确诊意义，具备简便、无创、无损伤、快速等优点。,dialogue_weak:前列腺钙化:answer:男科5-13000.csv:434,
gold-00081,,negated,甚至清醒时精液自行滑出的病症,甚至清醒时精液自行滑出的病症,20,34,无,“滑精”又称“滑泄”，是指夜间无梦而遗，甚至清醒时精液自行滑出的病症。,dialogue_weak:遗精:answer:男科5-13000.csv:454,
gold-00082,,negated,并且将炎性病,并且将炎性病,39,45,无,睾丸炎也可以致使男性失去生育能力，睾丸炎可致使死精，无精，使男性失去生育能力，并且将炎性病菌传染给直系亲属，引发妇科疾病，给妻子健康带给巨大伤害。,dialogue_weak:睾丸炎:answer:男科5-13000.csv:464,
gold-00083,,negated,下炎症,下炎症,24,27,排除,首先有白色分泌物需要有及时做个常规仔细检查，排除下炎症，另外头昏，注意力不集中多与肾虚有关系。,dialogue_weak:阳痿:answer:男科5-13000.csv:479,
gold-00084,,negated,一般只要不继发感染,一般只要不继发感染,10,19,无,较小而无症状的囊肿，一般只要不继发感染等，可不必治疗，只是要留意动态仔细观察其变动即可。,dialogue_weak:前列腺囊肿:answer:男科5-13000.csv:506,
gold-00085,,negated,较大的囊肿或有症,较大的囊肿或有症,19,27,无,建议您，较小而无症状的囊肿可不必治疗，较大的囊肿或有症状的小囊肿可用手术治疗。,dialogue_weak:前列腺囊肿:answer:男科5-13000.csv:533,
gold-00086,,negated,较大血管瘤可有肝区胀痛.肿瘤,较大血管瘤可有肝区胀痛.肿瘤,37,51,无,"前列腺钙化灶证明以前有过炎症，肝血管瘤是肝脏的良性肿瘤.小血管瘤多无症状,较大血管瘤可有肝区胀痛.肿瘤直径5cm者,无症状的者,不需救治.平时留意不要剧烈运动,以免血管瘤破碎,按时复查,随诊即可.如果大于5厘米,建议插手救治,属于微创手术,恢复快,效果好，1.饮食:少吃盐、炒菜少放油,不能够吃肥肉,不能够吃油炸食物。",dialogue_weak:前列腺钙化:answer:男科5-13000.csv:553,
gold-00087,,negated,cm,cm,54,56,无,"前列腺钙化灶证明以前有过炎症，肝血管瘤是肝脏的良性肿瘤.小血管瘤多无症状,较大血管瘤可有肝区胀痛.肿瘤直径5cm者,无症状的者,不需救治.平时留意不要剧烈运动,以免血管瘤破碎,按时复查,随诊即可.如果大于5厘米,建议插手救治,属于微创手术,恢复快,效果好，1.饮食:少吃盐、炒菜少放油,不能够吃肥肉,不能够吃油炸食物。",dialogue_weak:前列腺钙化:answer:男科5-13000.csv:553,
gold-00088,,negated,以免血管瘤,以免血管瘤,80,85,无,"前列腺钙化灶证明以前有过炎症，肝血管瘤是肝脏的良性肿瘤.小血管瘤多无症状,较大血管瘤可有肝区胀痛.肿瘤直径5cm者,无症状的者,不需救治.平时留意不要剧烈运动,以免血管瘤破碎,按时复查,随诊即可.如果大于5厘米,建议插手救治,属于微创手术,恢复快,效果好，1.饮食:少吃盐、炒菜少放油,不能够吃肥肉,不能够吃油炸食物。",dialogue_weak:前列腺钙化:answer:男科5-13000.csv:553,
gold-00089,,negated,若拆分有前列腺炎症,若拆分有前列腺炎症,33,42,无,鉴于上述情况，对于单纯的前列腺钙化，常无须治疗，对健康没特殊干扰，若拆分有前列腺炎症，可及时治疗，以防加重就行。,dialogue_weak:前列腺钙化:answer:男科5-13000.csv:570,
gold-00090,,negated,生殖器疾病,生殖器疾病,78,83,没有,"对于你问的问题，性功能是男科疾病，那么看你是什么状况，性功能是分为:1性生理，2性心理疾病，3生育与计划生育,4男性生殖系统疾病,包括勃起功能障碍、不育症、生殖器疾病等，您的描述没有说是什么性功能，所以根据您的实际情况来挂什么科，实在不知道就去挂男科或者泌尿科，希望上述答案能帮助到您",dialogue_weak:男性功能障碍:answer:男科5-13000.csv:615,
gold-00091,,negated,一般只要不继发感染,一般只要不继发感染,13,22,无,你好，较小而无症状的囊肿，一般只要不继发感染等，可不必治疗，只是要注意动态仔细观察其变动即可.较大的囊肿或有症状的小囊肿可用手术治疗。,dialogue_weak:前列腺囊肿:answer:男科5-13000.csv:638,
gold-00092,,negated,性生活也可能会患病,性生活也可能会患病,44,53,没有,根据你说的情况，您想吃药来丧失自己的性功能，有这种想法是非常不好的，因为您才35岁，没有性生活也可能会患病，建议你要及时的调整自己的心态了，如果是两人感情有问题，妻子不愿意跟你过性生活要及时跟对方沟通交流，有什么问题可以及时的表达倾诉出来，不要有这种极端的想法，你还年轻，和谐的夫妻生活能增加双方的感情,dialogue_weak:男性功能障碍:answer:男科5-13000.csv:656,
gold-00093,,negated,其他异常症,其他异常症,19,24,没有,如果是偶尔遗精，可用于正常人，如果没有其他异常症状，可以暂时观察，如果频繁遗精是不正常的，可见于肾虚，受到不良刺激等引起。,dialogue_weak:遗精:answer:男科5-13000.csv:664,
gold-00094,,negated,是激素方面的病症,是激素方面的病症,26,34,排除,长期这种情况的话建议你去正规医院做个详细的检查，排除是激素方面的病症，建议保持良好的生活习惯，戒烟，戒酒，适当的锻炼，作息也要规律这样防止出现体质下降引发其他疾病。,dialogue_weak:男性功能障碍:answer:男科5-13000.csv:688,
gold-00095,,negated,性生活也可能会患病,性生活也可能会患病,50,59,没有,根据你说的情况，您想某些药物或者食品来丧失自己的性功能，有这种想法是非常正确的，因为您才40岁，没有性生活也可能会患病，建议你要调整自己的心态，如果不是两人感情有问题，妻子不愿意跟你过性生活要及时跟对方沟通交流，有什么问题可以及时的表达倾诉出来，不要有这种极端的想法，你还年轻,dialogue_weak:男性功能障碍:answer:男科5-13000.csv:696,
gold-00096,,negated,口服0个星期的药,口服0个星期的药,5,13,无,小便无力，口服0个星期的药，然后再次出现了小腹坠胀，睾丸疼痛这种情况可能是前列腺炎或者是附睾炎。,dialogue_weak:前列腺囊肿:answer:男科5-13000.csv:725,
gold-00097,,negated,0个星期的药,0个星期的药,7,13,无,小便无力，口服0个星期的药，然后再次出现了小腹坠胀，睾丸疼痛这种情况可能是前列腺炎或者是附睾炎。,dialogue_weak:前列腺囊肿:answer:男科5-13000.csv:725,
gold-00098,,negated,性欲减低等有关的症,性欲减低等有关的症,21,30,无,男性正常性功能水平是没早泄、早泄、无性欲、性欲减低等有关的症状，夫妻之间的性生活非常的和谐，双方都很快乐。,dialogue_weak:男性功能障碍:answer:男科5-13000.csv:781,
gold-00099,,negated,论吃什么药,论吃什么药,40,45,无,前列腺炎一般与活动量少，休息不规律，饮水鲜有关系，可以有尿频尿急尿不尽的情况，无论吃什么药物，都应当生活规律，如果经常吃抗菌药，并且前列腺炎这种疾病不易全愈。,dialogue_weak:前列腺炎:answer:男科5-13000.csv:851,
gold-00100,,negated,经常吃抗菌药,经常吃抗菌药,57,63,无,前列腺炎一般与活动量少，休息不规律，饮水鲜有关系，可以有尿频尿急尿不尽的情况，无论吃什么药物，都应当生活规律，如果经常吃抗菌药，并且前列腺炎这种疾病不易全愈。,dialogue_weak:前列腺炎:answer:男科5-13000.csv:851,
gold-00101,,speculated,前列腺疾病,前列腺疾病,105,110,可能,男人早射的病因，主要是这几种，患者自身心理上有问题是比较常见的，比如患者在过去的性生活中有过一些不愉快的体验，或是受到过惊吓，另外，缺少对性的正确认知，频繁手淫就可能导致早泄，还有就是一些器质性疾病了，比如一些前列腺疾病，或有糖尿病或是骨折等，所以疾病的发生和生活中很多方面都有关，要多方入手进行预防,dialogue_weak:早泄:answer:男科5-13000.csv:30,
gold-00102,,speculated,前列腺疾病或是泌尿系感染,前列腺疾病或是泌尿系感染,117,129,可能,男性早泄的主因，和以下几个方面有关，其中较为常见的就是心理因素，像是夫妻间感情不好，性生活不愉快，或是性的初体验并不好，男性如果没有及时的接受性教育，长期观看不良视频就会引发早泄，再者，诱发早泄的还有可能是患者自身的一些其它疾病，比如前列腺疾病或是泌尿系感染，或是骨盆骨折，所以对于男性而言预防早泄是需要从很多方面入手的,dialogue_weak:早泄:answer:男科5-13000.csv:34,
gold-00103,,speculated,泌尿系感染,泌尿系感染,113,118,可能,早射的发生诱因，主要包括这些，首先可能是患者自身的心理因素，比如过去性生活时受到过惊吓，有不愉快的体验等，再者，一些男性如果缺少对性知识的认知，长期观看不良视频就会引发早泄，再者，诱发早泄的还有可能是患者自身的一些其它疾病，如泌尿系感染和前列腺问题，或是像一些心脑血管疾病，早泄对男性身心造成的创伤都是较大的，建议了解病因后正确预防,dialogue_weak:早泄:answer:男科5-13000.csv:37,
gold-00104,,speculated,前列腺炎,前列腺炎,130,134,可能,男性发生早泄的原因，与多个方面都有一定的影响，其中较为常见的就是心理因素，像是夫妻间感情不好，性生活不愉快，或是性的初体验并不好，另外，男性如果缺少对性知识的了解，常常自己自慰，就会导致早泄，再者，诱发早泄的还有可能是患者自身的一些其它疾病，比如一些男性疾病，前列腺炎、前列腺增生等，或有糖尿病或是骨折等，这边建议你在了解了早泄病因之后是可以去正确进行预防的,dialogue_weak:早泄:answer:男科5-13000.csv:38,
gold-00105,,speculated,泌尿系统的感染或是前列腺疾病,泌尿系统的感染或是前列腺疾病,96,110,可能,可能诱发早泄的因素，和这些方面都是有关系的，心理因素是比较常见的，比如过去性生活时受到过惊吓，有不愉快的体验等，此外，和男性对性知识的漠视，频繁手淫就可能导致早泄，还有就是一些器质性疾病了，如泌尿系统的感染或是前列腺疾病，或是像一些心脑血管疾病，所以对于男性而言预防早泄是需要从很多方面入手的,dialogue_weak:早泄:answer:男科5-13000.csv:49,
gold-00106,,speculated,泌尿系统的感染或是前列腺疾病,泌尿系统的感染或是前列腺疾病,97,111,可能,男人早射的病因，常见的有以下几种，首先可能是患者自身的一些心理问题导致的，比如过去性生活时受到过惊吓，有不愉快的体验等，很多缺乏性知识的男性，频繁手淫就可能导致早泄，或是男性不幸患上一些疾病，如泌尿系统的感染或是前列腺疾病，或是骨盆骨折以及高血糖等，所以早泄的发生和很多因素都有关，要正确预防,dialogue_weak:早泄:answer:男科5-13000.csv:51,
gold-00107,,speculated,你目前再次出现的症,你目前再次出现的症,7,16,可能,根据你的叙述，你目前再次出现的症状有可能是前列腺的问题，你这个年龄前列腺再次出现问题大多数都是继发的，大多数都是由性交的习惯引发的，如果你有性交的习惯，必须尽早的戒掉，不然的话症状会越来越重的，建议你只要戒掉性交，适当锻练，应当很快症状就可以纾解的,dialogue_weak:前列腺炎:answer:男科5-13000.csv:95,
gold-00108,,speculated,个是疾病,个是疾病,15,19,可能,再次出现阴囊潮湿有两种可能性，个是疾病致使的，比如说前列腺炎、精索静脉曲张等。,dialogue_weak:阴囊湿疹:answer:男科5-13000.csv:101,
gold-00109,,speculated,说前列腺炎,说前列腺炎,25,30,可能,再次出现阴囊潮湿有两种可能性，个是疾病致使的，比如说前列腺炎、精索静脉曲张等。,dialogue_weak:阴囊湿疹:answer:男科5-13000.csv:101,
gold-00110,,speculated,状的药,状的药,25,28,可能,需要有理解患者如何同时服食利尿剂等可能会干扰排尿症状的药物，并适当重新调整。,dialogue_weak:前列腺增生:answer:男科5-13000.csv:111,
gold-00111,,speculated,附睾囊肿手术的后遗症,附睾囊肿手术的后遗症,12,22,可能,根据你上面说的情况来看，附睾囊肿手术的后遗症是可能摧毁附睾管因而影响受孕，建议你三思而后行，必须选择正规的医院进行治疗，平时要注意护理卫生，按时复查。,dialogue_weak:急性附睾炎:answer:男科5-13000.csv:116,
gold-00112,,speculated,根据你的症,根据你的症,0,5,可能,根据你的症状看，肾虚的可能性比较大，可以口服补肾益气药物治疗，平时要积极参加体育锻炼，以大幅提高身心素质，多食一些具备补肾固精效用的食物如栗子、甲鱼等。,dialogue_weak:早泄:answer:男科5-13000.csv:117,
gold-00113,,speculated,可以口服补肾益气药,可以口服补肾益气药,18,27,可能,根据你的症状看，肾虚的可能性比较大，可以口服补肾益气药物治疗，平时要积极参加体育锻炼，以大幅提高身心素质，多食一些具备补肾固精效用的食物如栗子、甲鱼等。,dialogue_weak:早泄:answer:男科5-13000.csv:117,
gold-00114,,speculated,根据病,根据病,0,3,考虑,"根据病情，我考虑，阴囊潮湿不是病态,因此如无其它不适,留意局部的清洁干燥即可。",dialogue_weak:阴囊湿疹:answer:男科5-13000.csv:131,
gold-00115,,speculated,阴囊潮湿不是病,阴囊潮湿不是病,9,16,考虑,"根据病情，我考虑，阴囊潮湿不是病态,因此如无其它不适,留意局部的清洁干燥即可。",dialogue_weak:阴囊湿疹:answer:男科5-13000.csv:131,
gold-00116,,speculated,不过光靠这一项是不足以进疾病,不过光靠这一项是不足以进疾病,52,66,可能,绝大多数的病人再次出现了前列腺回音不均匀的情况，都是有的可能会是由于前列腺炎或者前列腺增生等炎症导致的，不过光靠这一项是不足以进疾病的推测的，一般还要互相配合许多指诊和前列腺液的常规仔细检查。,dialogue_weak:前列腺炎:answer:男科5-13000.csv:157,
gold-00117,,speculated,具体由于引来前列腺炎,具体由于引来前列腺炎,20,30,可能,前列腺炎需要有吃一些抗菌、消炎、止痛药，具体由于引来前列腺炎的菌种可能会不同，所以药物使用上面也有的区别。,dialogue_weak:前列腺炎:answer:男科5-13000.csv:158,
gold-00118,,speculated,所以药,所以药,39,42,可能,前列腺炎需要有吃一些抗菌、消炎、止痛药，具体由于引来前列腺炎的菌种可能会不同，所以药物使用上面也有的区别。,dialogue_weak:前列腺炎:answer:男科5-13000.csv:158,
gold-00119,,speculated,上面也有的区别,上面也有的区别,45,52,可能,前列腺炎需要有吃一些抗菌、消炎、止痛药，具体由于引来前列腺炎的菌种可能会不同，所以药物使用上面也有的区别。,dialogue_weak:前列腺炎:answer:男科5-13000.csv:158,
gold-00120,,speculated,从而致使女性再次发生妇科疾病,从而致使女性再次发生妇科疾病,45,59,可能,割包皮是绝不会干扰阴茎勃起的长度的，包皮过长会将影藏在包皮内的细菌通过性生活拉入女性体内，从而致使女性再次发生妇科疾病，也有可能会传染到前列腺、睾丸等，因此建议你到正规的医院去做包皮手术，调高心态。,dialogue_weak:阴茎异常勃起:answer:男科5-13000.csv:190,
gold-00121,,speculated,没任何症,没任何症,59,63,可能,如果确诊为前列腺钙化的话，那么这种情况一般来说有可能是原来的那前列腺炎，致使再次出现这种情况的可能性，那么这种情况如果没任何症状的话，那么这种情况通常是不需要做任何救治的，只要饮食方面需要有清淡，不能够纵欲过度就可以了。,dialogue_weak:前列腺钙化:answer:男科5-13000.csv:197,
gold-00122,,speculated,甚至引来前列腺炎,甚至引来前列腺炎,28,36,可能,你好朋友，频繁性交容易引发肾虚，而肾虚是可能致使早泄的，甚至引来前列腺炎。,dialogue_weak:早泄:answer:男科5-13000.csv:225,
gold-00123,,speculated,一是治疗原发病,一是治疗原发病,27,34,考虑,你好，根据你描述的情况来看：治疗尿路结石从两方面考虑，一是治疗原发病如代谢紊乱、感染或已存在的解剖原因；,dialogue_weak:泌尿系结石:answer:男科5-13000.csv:240,
gold-00124,,speculated,明确自身具体的病因病,明确自身具体的病因病,60,70,考虑,早泄由于影响因素有很多，并不是所有的情况都 可以药物治疗，建议最好针对自身情况，做性神经敏感度检测等相关性功能的检查后，明确自身具体的病因病情后再考虑治疗，在生活上注意适当身体锻炼 多和爱人沟通交流，可以使用避孕套，适当变换性生活姿势等等。,dialogue_weak:性障碍:answer:男科5-13000.csv:244,
gold-00125,,speculated,除非说你中途再次出现了身体疾病,除非说你中途再次出现了身体疾病,25,40,可能,你这个观点可能会不太正确，当兵之后性功能是正常的，除非说你中途再次出现了身体疾病，但是也不能够说是当兵的原因，在看待自己的性功能方面，男人的表现出往往有点神经质。,dialogue_weak:男性功能障碍:answer:男科5-13000.csv:246,
gold-00126,,speculated,要在当地医生指导下使用药,要在当地医生指导下使用药,27,39,可能,平时不要喝酒，也不要吃辣椒等食物，防止伤口疼痛的可能，要在当地医生指导下使用药物。,dialogue_weak:勃起功能障碍:answer:男科5-13000.csv:260,
gold-00127,,speculated,药物,药物,38,40,可能,平时不要喝酒，也不要吃辣椒等食物，防止伤口疼痛的可能，要在当地医生指导下使用药物。,dialogue_weak:勃起功能障碍:answer:男科5-13000.csv:260,
gold-00128,,speculated,但是有发炎,但是有发炎,32,37,考虑,冠状沟会再次出现白色豆腐渣样分泌物，有轻微腥臭味，阴茎未见红肿、但是有发炎的现象，考虑是包皮性龟头炎。,dialogue_weak:龟头炎:answer:男科5-13000.csv:269,
gold-00129,,speculated,是包皮性龟头炎,是包皮性龟头炎,43,50,考虑,冠状沟会再次出现白色豆腐渣样分泌物，有轻微腥臭味，阴茎未见红肿、但是有发炎的现象，考虑是包皮性龟头炎。,dialogue_weak:龟头炎:answer:男科5-13000.csv:269,
gold-00130,,speculated,过度性交引来的肾虚症,过度性交引来的肾虚症,2,12,考虑,考虑过度性交引来的肾虚症状，会有勃起困难，勃起不坚，性功能上升，身体乏力的症状。,dialogue_weak:阳痿:answer:男科5-13000.csv:272,
gold-00131,,speculated,根据你叙述的上述症,根据你叙述的上述症,3,12,考虑,你好，根据你叙述的上述症状，考虑可能是泌尿系感染引来。,dialogue_weak:前列腺炎:answer:男科5-13000.csv:276,
gold-00132,,speculated,是泌尿系感染,是泌尿系感染,18,24,考虑,你好，根据你叙述的上述症状，考虑可能是泌尿系感染引来。,dialogue_weak:前列腺炎:answer:男科5-13000.csv:276,
gold-00133,,speculated,皮龟头炎是男性常见的外生殖器疾病,皮龟头炎是男性常见的外生殖器疾病,19,35,考虑,您好，据您的叙述主要考虑为包皮龟头炎，皮龟头炎是男性常见的外生殖器疾病，皮龟头炎分成包皮炎和龟头炎，于常常同时再次出现，称包皮龟头炎，以是感染性的和非感染性的，是炎性的刺激也会上行传染的，您到正规的专科医院仔细检查，对性的治疗，避免耽误病情，对症治疗龟头红肿外，患者还需要有看重饮食方面，如恰当饮食，终保持心情愉快，此同时患者还要留意决定一家专业医院诊病，样才能获得良好的治疗效果,dialogue_weak:龟头炎:answer:男科5-13000.csv:283,
gold-00134,,speculated,所以药,所以药,26,29,可能,"你现在效果不明显了,有可能是你的纤维化进一步扩张了,所以药物效果也不是很好了。",dialogue_weak:前列腺囊肿:answer:男科5-13000.csv:284,
gold-00135,,speculated,应留意预防此病,应留意预防此病,0,7,可能,应留意预防此病的可能。,dialogue_weak:前列腺炎:answer:男科5-13000.csv:287,
gold-00136,,speculated,对于孩子出现上诉症,对于孩子出现上诉症,10,19,可能,很高兴为你解答问题：对于孩子出现上诉症状可能麻醉剂敏感或过量导致的失忆。,dialogue_weak:疝气:answer:男科5-13000.csv:308,
gold-00137,,speculated,是泌尿系感染,是泌尿系感染,22,28,考虑,根据你的叙述推测，再次出现这种情况，考虑可能是泌尿系感染等引来的。,dialogue_weak:泌尿系统感染:answer:男科5-13000.csv:313,
gold-00138,,speculated,主要还是由于前列腺炎症,主要还是由于前列腺炎症,20,31,考虑,您好，根据您所叙述目前的情况和症状考虑，主要还是由于前列腺炎症引来再次出现的上述原因。,dialogue_weak:前列腺炎:answer:男科5-13000.csv:318,
gold-00139,,speculated,但是治疗康复后也不排除病,但是治疗康复后也不排除病,14,26,可能,你好，前列腺炎可以治疗康复，但是治疗康复后也不排除病发的可能性。,dialogue_weak:前列腺炎:answer:男科5-13000.csv:319,
gold-00140,,speculated,是前列腺炎,是前列腺炎,4,9,考虑,考虑可能是前列腺炎引来的，附睾炎，睾丸炎肿疼。,dialogue_weak:前列腺炎:answer:男科5-13000.csv:324,
gold-00141,,speculated,附睾炎,附睾炎,13,16,考虑,考虑可能是前列腺炎引来的，附睾炎，睾丸炎肿疼。,dialogue_weak:前列腺炎:answer:男科5-13000.csv:324,
gold-00142,,speculated,睾丸炎,睾丸炎,17,20,考虑,考虑可能是前列腺炎引来的，附睾炎，睾丸炎肿疼。,dialogue_weak:前列腺炎:answer:男科5-13000.csv:324,
gold-00143,,speculated,罗红霉素,罗红霉素,17,21,考虑,这种情况要考虑包皮龟头炎，建议口服罗红霉素，同时互相配合外用产品肤力康使用，交替使用1-2周，建议经你好常擦洗包皮和阴茎头，始终保持包皮腔内清洁和干燥。,dialogue_weak:龟头炎:answer:男科5-13000.csv:328,
gold-00144,,speculated,全面了解病,全面了解病,34,39,可能,如果有泌尿系统不舒服症状那可能是因生殖系统疾病引来的，因不能够面诊，全面了解病情，你应去私立三甲医院做全面仔细检查，如；,dialogue_weak:男性功能障碍:answer:男科5-13000.csv:334,
gold-00145,,speculated,龟头炎是男科中极为常见的疾病,龟头炎是男科中极为常见的疾病,42,56,考虑,一般龟头再次出现异状，比如说瘙痒、红肿、灼烧等症状时，可以考虑为炎症传染引来的，目前龟头炎是男科中极为常见的疾病，它的病因主要可以分成以下两类：一；,dialogue_weak:龟头炎:answer:男科5-13000.csv:347,
gold-00146,,speculated,要戒备如何再次出现了泌尿系感染,要戒备如何再次出现了泌尿系感染,23,38,可能,如果再次出现这种情况，有可能是拥有尿痛的现象，要戒备如何再次出现了泌尿系感染的问题。,dialogue_weak:泌尿系统感染:answer:男科5-13000.csv:351,
gold-00147,,speculated,是包皮龟头炎,是包皮龟头炎,5,11,考虑,"你好，考虑是包皮龟头炎，最主要的原因是因为男性患者包皮过长,包皮和龟头之间的不洁之物,即包皮垢堆积起来,刺激了局部的包皮和粘膜而再次发生的炎症,即包皮龟头炎。",dialogue_weak:龟头炎:answer:男科5-13000.csv:362,
gold-00148,,speculated,罗红霉素,罗红霉素,17,21,考虑,"你好,这种情况要考虑包皮龟头炎口服罗红霉素,同时互相配合高锰酸钾溶液擦洗。",dialogue_weak:龟头炎:answer:男科5-13000.csv:366,
gold-00149,,speculated,有前列腺炎,有前列腺炎,5,10,考虑,您好，考虑有前列腺炎，治疗的话建议司帕沙星，司帕沙星是新一代的喹诺酮类，效果好，要均衡膳食。,dialogue_weak:前列腺炎:answer:男科5-13000.csv:368,
gold-00150,,speculated,是龟头炎,是龟头炎,5,9,考虑,你好，考虑是龟头炎可由于包皮过长，再次出现：潮红、起疱、红点、分泌物、包皮垢、瘙痒、有异味等。,dialogue_weak:龟头炎:answer:男科5-13000.csv:380,
gold-00151,,conditional,前列腺炎,前列腺炎,119,123,如果,可能诱发早泄的因素，与多个方面都有一定的影响，常见的是患者自身的心里因素，在性生活时受到一些不良因素的影响，或者是夫妻感情不合，也可能是因为患者自身缺少性知识，常常手淫就会引起早泄，除了这两点，男性如果患上一些男科疾病也会诱发早泄，比如像前列腺炎、前列腺钙化等，或是骨盆骨折以及高血糖等，早泄对男性身心造成的创伤都是较大的，建议了解病因后正确预防,dialogue_weak:早泄:answer:男科5-13000.csv:1,
gold-00152,,conditional,泌尿系统的感染或是前列腺疾病,泌尿系统的感染或是前列腺疾病,121,135,如果,引发早泄的主要病因，主要受到这些方面的影响，首先可能是患者自身的心理因素，如在性生活被人为的突然中断，亦或是受到了一些不良的外界因素影响等，此外，对性知识了解匮乏，经常自慰手淫就会成为早泄导火索，或者如果男性患有一些疾病，也是会诱发早泄的，如泌尿系统的感染或是前列腺疾病，或是骨盆骨折以及高血糖等，早泄对男性身心造成的创伤都是较大的，建议了解病因后正确预防,dialogue_weak:早泄:answer:男科5-13000.csv:9,
gold-00153,,conditional,早泄发生的病,早泄发生的病,148,154,出现,引发早泄的主要病因，受到这些方面的影响，心理问题是其中比较主要的因素，像是夫妻间感情不好，性生活不愉快，或是性的初体验并不好，再者，一些男性如果缺少对性知识的认知，无节制的手淫就会引发早泄，除了这两点，男性如果患上一些男科疾病也会诱发早泄，主要是前列腺或是泌尿系统出现问题，或是心脑血管出现问题，早泄发生的病因主要就这几个方面，可以有针对性的去进行预防,dialogue_weak:早泄:answer:男科5-13000.csv:13,
gold-00154,,conditional,患病,患病,103,105,如果,导致出现早泄的病因，有以下几种，首先可能是患者自身的心理因素，比如过去性生活的时候发生过一些不愉快，不管是突然中断或是受到一些惊吓等，另外，男性对性知识没有一个很好的了解，常常手淫就会引起早泄，还有男性如果患病，比如前列腺疾病或是泌尿系感染，或是骨盆骨折，早泄发生的病因主要就这几个方面，可以有针对性的去进行预防,dialogue_weak:早泄:answer:男科5-13000.csv:16,
gold-00155,,conditional,前列腺疾病或是泌尿系感染,前列腺疾病或是泌尿系感染,108,120,如果,导致出现早泄的病因，有以下几种，首先可能是患者自身的心理因素，比如过去性生活的时候发生过一些不愉快，不管是突然中断或是受到一些惊吓等，另外，男性对性知识没有一个很好的了解，常常手淫就会引起早泄，还有男性如果患病，比如前列腺疾病或是泌尿系感染，或是骨盆骨折，早泄发生的病因主要就这几个方面，可以有针对性的去进行预防,dialogue_weak:早泄:answer:男科5-13000.csv:16,
gold-00156,,conditional,所以疾病,所以疾病,137,141,出现,可能诱发早泄的因素，常与这些方面相关，目前看来主要是患者心理上出现了一些问题，比如工作压力大，长期处于焦虑情绪，或是性生活不愉快等，其次，像一些对性知识并不了解的男性，总是手淫就会发生早泄，或是男性不幸患上一些疾病，主要是前列腺或是泌尿系统出现问题，或是心脑血管和糖尿病等，所以疾病的发生和生活中很多方面都有关，要多方入手进行预防,dialogue_weak:早泄:answer:男科5-13000.csv:17,
gold-00157,,conditional,患病,患病,85,87,如果,早泄的发生因素，受到这些方面的影响，心理因素是其中比较主要的，像是夫妻间感情不好，性生活不愉快，或是性的初体验并不好，另外，缺少性知识，长期手淫都会导致早泄，还有男性如果患病，比如像前列腺炎、前列腺钙化等，或是心脑血管出现问题，早泄的病因并不单一，了解后务必要正确预防,dialogue_weak:早泄:answer:男科5-13000.csv:22,
gold-00158,,conditional,前列腺炎,前列腺炎,91,95,如果,早泄的发生因素，受到这些方面的影响，心理因素是其中比较主要的，像是夫妻间感情不好，性生活不愉快，或是性的初体验并不好，另外，缺少性知识，长期手淫都会导致早泄，还有男性如果患病，比如像前列腺炎、前列腺钙化等，或是心脑血管出现问题，早泄的病因并不单一，了解后务必要正确预防,dialogue_weak:早泄:answer:男科5-13000.csv:22,
gold-00159,,conditional,早泄的病,早泄的病,114,118,出现,早泄的发生因素，受到这些方面的影响，心理因素是其中比较主要的，像是夫妻间感情不好，性生活不愉快，或是性的初体验并不好，另外，缺少性知识，长期手淫都会导致早泄，还有男性如果患病，比如像前列腺炎、前列腺钙化等，或是心脑血管出现问题，早泄的病因并不单一，了解后务必要正确预防,dialogue_weak:早泄:answer:男科5-13000.csv:22,
gold-00160,,conditional,患病,患病,103,105,如果,男人早泄的病因，和这些方面都是有关系的，首当其冲的就是患者自身的心理因素，在性生活时受到一些不良因素的影响，或者是夫妻感情不合，此外，对性知识了解匮乏，看一些不健康的图书、音频，就容易发生早泄，还有男性如果患病，比如像前列腺炎、前列腺钙化等，或有糖尿病或是骨折等，以上这些因素均可导致早泄的发生，建议每一位男性都有所重视,dialogue_weak:早泄:answer:男科5-13000.csv:28,
gold-00161,,conditional,前列腺炎,前列腺炎,109,113,如果,男人早泄的病因，和这些方面都是有关系的，首当其冲的就是患者自身的心理因素，在性生活时受到一些不良因素的影响，或者是夫妻感情不合，此外，对性知识了解匮乏，看一些不健康的图书、音频，就容易发生早泄，还有男性如果患病，比如像前列腺炎、前列腺钙化等，或有糖尿病或是骨折等，以上这些因素均可导致早泄的发生，建议每一位男性都有所重视,dialogue_weak:早泄:answer:男科5-13000.csv:28,
gold-00162,,conditional,或有糖尿病,或有糖尿病,121,126,如果,男人早泄的病因，和这些方面都是有关系的，首当其冲的就是患者自身的心理因素，在性生活时受到一些不良因素的影响，或者是夫妻感情不合，此外，对性知识了解匮乏，看一些不健康的图书、音频，就容易发生早泄，还有男性如果患病，比如像前列腺炎、前列腺钙化等，或有糖尿病或是骨折等，以上这些因素均可导致早泄的发生，建议每一位男性都有所重视,dialogue_weak:早泄:answer:男科5-13000.csv:28,
gold-00163,,conditional,常见的疾病,常见的疾病,117,122,如果,诱发早泄的因素，主要是这几种，比如像男性自身心理上出现了一些问题，比如部分男性比较自卑，在另一半面前抬不起头，或是工作压力大，情绪焦虑等，如果男性对性知识缺少了解，无节制的手淫就会引发早泄，或者如果男性患有一些疾病，也是会诱发早泄的，常见的疾病主要是前列腺和泌尿系，还有就是有心脑血管疾病的情况下，早泄的病因并不单一，了解后务必要正确预防,dialogue_weak:早泄:answer:男科5-13000.csv:31,
gold-00164,,conditional,不管病,不管病,141,144,出现,早泄的常见病因，主要包括以下几种，心理因素是比较常见的，比如过去性生活的时候发生过一些不愉快，不管是突然中断或是受到一些惊吓等，另外，男性对性知识没有一个很好的了解，长期看一些不良书刊就会加大早泄概率，或是男性本身有一些疾病，包括前列腺发生病变或是泌尿系感染，或是心脑血管出现问题，不管病因是什么，早泄的危害是不容忽视的，务必要正确预防,dialogue_weak:早泄:answer:男科5-13000.csv:33,
gold-00165,,conditional,常见的疾病,常见的疾病,117,122,如果,诱发早泄的因素，和很多方面都有关系，目前看来男性心理问题占大部分，比如在过去的性生活中有过不好的体验，亦或是夫妻感情不合等，其次，像一些对性知识并不了解的男性，长期手淫都会导致早泄，当然，除了以上几点，男性如果得病了也会容易发生早泄，常见的疾病主要是前列腺和泌尿系，或是糖尿病，心脑血管病变等，所以导致早泄发生的因素很多，要从多方面入手进行预防,dialogue_weak:早泄:answer:男科5-13000.csv:35,
gold-00166,,conditional,前列腺疾病,前列腺疾病,115,120,如果,导致出现早泄的病因，常见的有以下几种，首先可能是患者出现了一些心理问题，在性生活时受到一些不良因素的影响，或者是夫妻感情不合，另外，缺少性知识，长期手淫、自慰，就是早泄主因之一，或者如果男性患有一些疾病，也是会诱发早泄的，比如一些前列腺疾病，或是糖尿病，心脑血管病变等，不管病因是什么，早泄的危害是不容忽视的，务必要正确预防,dialogue_weak:早泄:answer:男科5-13000.csv:39,
gold-00167,,conditional,常见的疾病,常见的疾病,109,114,如果,早泄情况发生的原因，主要包括以下几种，心理因素是其中比较主要的，像是夫妻间感情不好，性生活不愉快，或是性的初体验并不好，另外，男性对性知识没有一个很好的了解，长期自慰均可引起早泄，还有如果得病了也会成为早泄的诱因之一，常见的疾病主要是前列腺和泌尿系，或是心脑血管疾病以及高血糖，早泄对男性身心造成的创伤都是较大的，建议了解病因后正确预防,dialogue_weak:早泄:answer:男科5-13000.csv:47,
gold-00168,,conditional,患病,患病,87,89,如果,男性早泄的主因，主要包括这些，其中较为常见的就是心理因素，包括像压力大，情绪焦虑，以及对性生活的过于担忧等，也可能是因为患者自身缺少性知识，常常手淫就会引起早泄，还有男性如果患病，包括前列腺和泌尿系的一些炎症感染，或是血糖高，心脑血管不好，所以疾病的发生和生活中很多方面都有关，要多方入手进行预防,dialogue_weak:早泄:answer:男科5-13000.csv:52,
gold-00169,,conditional,早泄的病,早泄的病,143,147,出现,导致出现早泄的病因，和这些方面都是有关系的，目前看来主要是患者心理上出现了一些问题，比如在过去的性生活中有过不好的体验，亦或是夫妻感情不合等，很多缺乏性知识的男性，经常观摩一些刺激性的图文、视频均可导致早泄，或是男性不幸患上一些疾病，如泌尿系感染和前列腺问题，或是骨盆骨折以及高血糖等，早泄的病因并不单一，了解后务必要正确预防,dialogue_weak:早泄:answer:男科5-13000.csv:55,
gold-00170,,conditional,常见的疾病,常见的疾病,131,136,时,之所以会发生早泄，主要包括这些，首先可能是患者自身的一些心理问题导致的，比如过去性生活的时候发生过一些不愉快，不管是突然中断或是受到一些惊吓等，此外，调查发现很多早泄的男性对性知识的了解少之又少，经常看一些刺激性的影片，时间久了就会早泄，或是男性本身有一些疾病，常见的疾病主要是前列腺和泌尿系，还有就是有心脑血管疾病的情况下，这边建议你在了解了早泄病因之后是可以去正确进行预防的,dialogue_weak:早泄:answer:男科5-13000.csv:59,
gold-00171,,conditional,泌尿系感染,泌尿系感染,135,140,如果,发生早射的原因，和以下几个方面有关，首先可能是患者自身的一些心理问题导致的，比如部分男性比较自卑，在另一半面前抬不起头，或是工作压力大，情绪焦虑等，另外，男性如果缺少对性知识的了解，经常看一些刺激性的影片，时间久了就会早泄，或者如果男性患有一些疾病，也是会诱发早泄的，如泌尿系感染和前列腺问题，或是发生股份骨折，会有心脑血管疾病，所以早泄的发生和很多因素都有关，要正确预防,dialogue_weak:早泄:answer:男科5-13000.csv:62,
gold-00172,,conditional,泌尿系感染,泌尿系感染,122,127,如果,男性早泄的主因，主要是这几种，心理因素是其中比较主要的，比如部分男性比较自卑，在另一半面前抬不起头，或是工作压力大，情绪焦虑等，再者，一些男性如果缺少对性知识的认知，无节制的手淫就会引发早泄，除了这两点，男性如果患上一些男科疾病也会诱发早泄，如泌尿系感染和前列腺问题，或是骨盆骨折以及高血糖等，所以疾病的发生和生活中很多方面都有关，要多方入手进行预防,dialogue_weak:早泄:answer:男科5-13000.csv:63,
gold-00173,,conditional,患病,患病,120,122,如果,发生早射的原因，常见的有这几种，心理问题是其中比较主要的因素，比如部分男性比较自卑，在另一半面前抬不起头，或是工作压力大，情绪焦虑等，此外，调查发现很多早泄的男性对性知识的了解少之又少，经常看一些刺激性的影片，时间久了就会早泄，还有男性如果患病，比如像前列腺炎、前列腺钙化等，或有糖尿病或是骨折等，早泄的病因并不单一，了解后务必要正确预防,dialogue_weak:早泄:answer:男科5-13000.csv:64,
gold-00174,,conditional,前列腺炎,前列腺炎,126,130,如果,发生早射的原因，常见的有这几种，心理问题是其中比较主要的因素，比如部分男性比较自卑，在另一半面前抬不起头，或是工作压力大，情绪焦虑等，此外，调查发现很多早泄的男性对性知识的了解少之又少，经常看一些刺激性的影片，时间久了就会早泄，还有男性如果患病，比如像前列腺炎、前列腺钙化等，或有糖尿病或是骨折等，早泄的病因并不单一，了解后务必要正确预防,dialogue_weak:早泄:answer:男科5-13000.csv:64,
gold-00175,,conditional,或有糖尿病,或有糖尿病,138,143,如果,发生早射的原因，常见的有这几种，心理问题是其中比较主要的因素，比如部分男性比较自卑，在另一半面前抬不起头，或是工作压力大，情绪焦虑等，此外，调查发现很多早泄的男性对性知识的了解少之又少，经常看一些刺激性的影片，时间久了就会早泄，还有男性如果患病，比如像前列腺炎、前列腺钙化等，或有糖尿病或是骨折等，早泄的病因并不单一，了解后务必要正确预防,dialogue_weak:早泄:answer:男科5-13000.csv:64,
gold-00176,,conditional,会有心脑血管疾病,会有心脑血管疾病,145,153,出现,引发早泄的主要病因，和以下几个方面有关，首先可能是患者出现了一些心理问题，如在性生活被人为的突然中断，亦或是受到了一些不良的外界因素影响等，再者，一些男性如果缺少对性知识的认知，长期手淫、自慰，就是早泄主因之一，还有就是一些器质性疾病了，主要是前列腺或是泌尿系统出现问题，或是发生股份骨折，会有心脑血管疾病，早泄的病因多且复杂，希望了解后能够正确预防,dialogue_weak:早泄:answer:男科5-13000.csv:65,
gold-00177,,conditional,早泄的病,早泄的病,154,158,出现,引发早泄的主要病因，和以下几个方面有关，首先可能是患者出现了一些心理问题，如在性生活被人为的突然中断，亦或是受到了一些不良的外界因素影响等，再者，一些男性如果缺少对性知识的认知，长期手淫、自慰，就是早泄主因之一，还有就是一些器质性疾病了，主要是前列腺或是泌尿系统出现问题，或是发生股份骨折，会有心脑血管疾病，早泄的病因多且复杂，希望了解后能够正确预防,dialogue_weak:早泄:answer:男科5-13000.csv:65,
gold-00178,,conditional,还有就是有心脑血管疾病,还有就是有心脑血管疾病,121,132,出现,出现早泄情况的主因，常见的有这几种，其中心理问题是比较主要的，比如像夫妻感情不和，或是第一次性体验不愉快，男性如果没有及时的接受性教育，看一些不健康的图书、音频，就容易发生早泄，或者说，患有一些器质性的疾病，主要是前列腺或是泌尿系统出现问题，还有就是有心脑血管疾病的情况下，所以疾病的发生和生活中很多方面都有关，要多方入手进行预防,dialogue_weak:早泄:answer:男科5-13000.csv:70,
gold-00179,,conditional,所以疾病,所以疾病,137,141,出现,出现早泄情况的主因，常见的有这几种，其中心理问题是比较主要的，比如像夫妻感情不和，或是第一次性体验不愉快，男性如果没有及时的接受性教育，看一些不健康的图书、音频，就容易发生早泄，或者说，患有一些器质性的疾病，主要是前列腺或是泌尿系统出现问题，还有就是有心脑血管疾病的情况下，所以疾病的发生和生活中很多方面都有关，要多方入手进行预防,dialogue_weak:早泄:answer:男科5-13000.csv:70,
gold-00180,,conditional,患病,患病,96,98,如果,男性发生早泄的原因，主要包括这几种，心理问题的发生是其中比较主要的一点，比如工作压力大，长期处于焦虑情绪，或是性生活不愉快等，很多缺乏性知识的男性，经常自慰手淫就会成为早泄导火索，还有男性如果患病，比如一些男性疾病，前列腺炎、前列腺增生等，或是血糖高，心脑血管不好，所以导致早泄发生的因素很多，要从多方面入手进行预防,dialogue_weak:早泄:answer:男科5-13000.csv:83,
gold-00181,,conditional,前列腺炎,前列腺炎,108,112,如果,男性发生早泄的原因，主要包括这几种，心理问题的发生是其中比较主要的一点，比如工作压力大，长期处于焦虑情绪，或是性生活不愉快等，很多缺乏性知识的男性，经常自慰手淫就会成为早泄导火索，还有男性如果患病，比如一些男性疾病，前列腺炎、前列腺增生等，或是血糖高，心脑血管不好，所以导致早泄发生的因素很多，要从多方面入手进行预防,dialogue_weak:早泄:answer:男科5-13000.csv:83,
gold-00182,,conditional,前列腺疾病或是泌尿系感染,前列腺疾病或是泌尿系感染,123,135,如果,发生早射的原因，可能与这些相关，心理问题是其中比较主要的因素，男性在性生活的过程中被迫中断，或是受到一些惊吓，亦或是一些不良的外界因素干扰等，也可能是因为患者自身缺少性知识，长期观看不良视频就会引发早泄，还有如果得病了也会成为早泄的诱因之一，比如前列腺疾病或是泌尿系感染，或是骨盆发生骨折，血糖高等，早泄的病因并不单一，了解后务必要正确预防,dialogue_weak:早泄:answer:男科5-13000.csv:88,
gold-00183,,conditional,早泄发生的病,早泄发生的病,137,143,出现,出现早泄情况的主因，主要包括这几种，首当其冲的就是患者自身的心理因素，比如在过去的性生活中有过不好的体验，亦或是夫妻感情不合等，另外还有对性知识认知的匮乏，无节制的手淫就会引发早泄，还有就是一些器质性疾病了，主要是前列腺或是泌尿系统出现问题，或是像高血糖以及心脑血管等疾病，早泄发生的病因主要就这几个方面，可以有针对性的去进行预防,dialogue_weak:早泄:answer:男科5-13000.csv:90,
gold-00184,,conditional,不然的话症,不然的话症,84,89,如果,根据你的叙述，你目前再次出现的症状有可能是前列腺的问题，你这个年龄前列腺再次出现问题大多数都是继发的，大多数都是由性交的习惯引发的，如果你有性交的习惯，必须尽早的戒掉，不然的话症状会越来越重的，建议你只要戒掉性交，适当锻练，应当很快症状就可以纾解的,dialogue_weak:前列腺炎:answer:男科5-13000.csv:95,
gold-00185,,conditional,应当很快症,应当很快症,112,117,当,根据你的叙述，你目前再次出现的症状有可能是前列腺的问题，你这个年龄前列腺再次出现问题大多数都是继发的，大多数都是由性交的习惯引发的，如果你有性交的习惯，必须尽早的戒掉，不然的话症状会越来越重的，建议你只要戒掉性交，适当锻练，应当很快症状就可以纾解的,dialogue_weak:前列腺炎:answer:男科5-13000.csv:95,
gold-00186,,conditional,常见的疾病,常见的疾病,111,116,如果,引发早泄的原因，主要包括这些，目前看来男性心理问题占大部分，比如在过去的性生活中有过不好的体验，亦或是夫妻感情不合等，其次，像一些对性知识并不了解的男性，频繁手淫就可能导致早泄，或者如果男性患有一些疾病，也是会诱发早泄的，常见的疾病主要是前列腺和泌尿系，或是有心脑血管病变等，所以早泄的发生和很多因素都有关，要正确预防,dialogue_weak:早泄:answer:男科5-13000.csv:96,
gold-00187,,conditional,一般是无菌性炎症,一般是无菌性炎症,13,21,如果,如果确认是慢性前列腺炎症，一般是无菌性炎症，可以口服中药治疗调养，症状逐渐获得压制。,dialogue_weak:前列腺炎:answer:男科5-13000.csv:98,
gold-00188,,conditional,治疗需要有口服消炎药,治疗需要有口服消炎药,6,16,时,包皮龟头炎，治疗需要有口服消炎药和外用擦剂同时进行比较快速。,dialogue_weak:龟头炎:answer:男科5-13000.csv:103,
gold-00189,,conditional,甚至会一再病,甚至会一再病,54,60,时,"但最主要的还是病患必须互相配合医师诊病，千万千万压制自己要抓的欲念，否则患部一直受刺激，只会让效果大打折扣，甚至会一再病发,平时留意始终保持患部的干爽，千万千万不要穿太紧的内裤，平常泡澡的时候必须擦洗夹缝，忌搔抓、搓揉、磨擦、烫洗等，洗完澡后，也要始终保持干爽，必要时也可以洒些吸汗的痱子粉。",dialogue_weak:阴囊湿疹:answer:男科5-13000.csv:105,
gold-00190,,conditional,当患者再次出现病,当患者再次出现病,0,8,时,当患者再次出现病情进步时，需要有积极实施干涉。,dialogue_weak:前列腺增生:answer:男科5-13000.csv:111,
gold-00191,,conditional,补肾益气药物治疗,补肾益气药物治疗,22,30,时,根据你的症状看，肾虚的可能性比较大，可以口服补肾益气药物治疗，平时要积极参加体育锻炼，以大幅提高身心素质，多食一些具备补肾固精效用的食物如栗子、甲鱼等。,dialogue_weak:早泄:answer:男科5-13000.csv:117,
gold-00192,,conditional,可以服食补肾益气药,可以服食补肾益气药,34,43,当,给你说的情况，我认为这种情况应当戒掉不良生活习惯锻炼身体，增强体质，可以服食补肾益气药物治疗。,dialogue_weak:阳痿:answer:男科5-13000.csv:129,
gold-00193,,conditional,留意对症,留意对症,104,108,如果,阴囊潮湿不是病态，因此如无其它不适，留意局部的清洁干燥即可，平时留意清淡饮食，少吃生冷食物，少吃辛辣鱼腥食物，不过一般阴囊的潮湿可能会和前列腺疾病是有的关系的，建议你还是积极做前列腺的仔细检查确认具体的病情，留意对症治疗，如果同时伴发搔痒，可能会是由于潮湿滋长细菌引发了传染，必要时涂抹对症乳膏软膏治疗，具体可以到医院系统仔细检查治疗多吃壮阳食物：壮阳食物主要有狗肉、羊肉、麻雀、核桃、牛鞭、羊肾等,dialogue_weak:阴囊湿疹:answer:男科5-13000.csv:133,
gold-00194,,conditional,也易患本病,也易患本病,10,15,时,在外部因素的效用下，也易患本病，建议您及时到正规的男科医院，通过有关的仔细检查，查明病因，对症治疗,dialogue_weak:阴囊湿疹:answer:男科5-13000.csv:134,
gold-00195,,conditional,查明病,查明病,40,43,时,在外部因素的效用下，也易患本病，建议您及时到正规的男科医院，通过有关的仔细检查，查明病因，对症治疗,dialogue_weak:阴囊湿疹:answer:男科5-13000.csv:134,
gold-00196,,conditional,可以配合口服补肾益气药,可以配合口服补肾益气药,34,45,时,如果有早泄，在这种状况的时候，我们可以，先采取保守治疗的方式来解决，可以配合口服补肾益气药物治疗，另外必要的时候实在不能稳定的话，再选择手术治疗。,dialogue_weak:早泄:answer:男科5-13000.csv:136,
gold-00197,,conditional,补肾益气药物治疗,补肾益气药物治疗,40,48,时,如果有早泄，在这种状况的时候，我们可以，先采取保守治疗的方式来解决，可以配合口服补肾益气药物治疗，另外必要的时候实在不能稳定的话，再选择手术治疗。,dialogue_weak:早泄:answer:男科5-13000.csv:136,
gold-00198,,conditional,属于重症,属于重症,2,6,如果,如果属于重症患者一般建议手术治疗比较。,dialogue_weak:精索静脉曲张:answer:男科5-13000.csv:137,
gold-00199,,conditional,救治时可口服补肾益气药,救治时可口服补肾益气药,0,11,时,救治时可口服补肾益气药物救治，长时间饭后口服，会有效的。,dialogue_weak:早泄:answer:男科5-13000.csv:143,
gold-00200,,conditional,补肾益气药物救治,补肾益气药物救治,6,14,时,救治时可口服补肾益气药物救治，长时间饭后口服，会有效的。,dialogue_weak:早泄:answer:男科5-13000.csv:143,
gold-00201,,historical,行得通经皮刺击插管精索内静脉栓塞,行得通经皮刺击插管精索内静脉栓塞,7,23,术后,如手术后病发，行得通经皮刺击插管精索内静脉栓塞术。,dialogue_weak:精索静脉曲张:answer:男科5-13000.csv:152,
gold-00202,,historical,只好代表以前有过炎症,只好代表以前有过炎症,31,41,既往,前列腺中的纤维化点一般就是既往有前列腺慢性炎症，愈后遗留下的，只好代表以前有过炎症，现在一般绝不会有什么症状，也无须治疗。,dialogue_weak:前列腺钙化:answer:男科5-13000.csv:389,
gold-00203,,historical,更何况手术本身就拥有许多的后遗症,更何况手术本身就拥有许多的后遗症,73,89,术后,绝大部分人可能都知晓前列腺炎尤其是慢性前列腺炎是很难治疗的，而对于慢性前列腺炎的治疗更是个“慢过程”，即使是手术后也是需要有使用药物来长期调养的，更何况手术本身就拥有许多的后遗症问题。,dialogue_weak:前列腺囊肿:answer:男科5-13000.csv:535,
gold-00204,,historical,药物来长期调养的,药物来长期调养的,64,72,术后,绝大部分人可能都知晓前列腺炎尤其是慢性前列腺炎是很难治疗的，而对于慢性前列腺炎的治疗更是个“慢过程”，即使是手术后也是需要有使用药物来长期调养的，更何况手术本身就拥有许多的后遗症问题。,dialogue_weak:前列腺囊肿:answer:男科5-13000.csv:535,
gold-00205,,historical,你的前列腺炎,你的前列腺炎,9,15,病史,从你的病史叙述看，你的前列腺炎确诊明确，建议到当地好点三甲医院泌尿外科复诊，可以做个前列腺液及PSA仔细检查明确，如果诊断可以考虑持继抗感染一周到半个月左右时间，不要吃辛辣刺激食物不要喝啤酒等。,dialogue_weak:前列腺炎:answer:男科5-13000.csv:1063,
gold-00206,,historical,致使包皮龟头炎,致使包皮龟头炎,12,19,术后,包皮过长，容易藏污纳垢，致使包皮龟头炎，给与手术后，因为勃起容易拉伤系带处，因此建议你平时需要有始终保持局部清洁卫生，可以使用 米浮拭擦伤口，增进伤口愈合，始终保持局部干燥卫生即可针对患者来说，包皮包茎病情严重就要立刻对症治疗，恰当用药，否则会致使包皮包茎再次病发,dialogue_weak:包皮包茎:answer:男科5-13000.csv:1072,
gold-00207,,historical,不需要天天换药,不需要天天换药,43,50,术后,包茎手术在绝大多数正规医院门诊就可以进行的，不需要住院，手术后第三天换药一次就可以的，不需要天天换药，也不需要天天行半导体治疗，一般手术后8到10天就可以拆线。,dialogue_weak:包皮包茎:answer:男科5-13000.csv:1331,
gold-00208,,historical,留意每天的换药,留意每天的换药,141,148,术后,"刚做完手术你这要留意始终保持切口纱布清洁干燥,虽然现在已经四天了，但是伤口还没长好，运动的时候还是要留意的，不要吃辛辣刺激食物,平时要多饮水，一般术后当然也会再次出现一些并发症，也不要太担心，比如说再次出现水肿，会的呀，由于重力的效用致使的，可以将阴囊抬起，一般3-7天后即可消褪，留意每天的换药，一般术后七天左右就可以拆线了",dialogue_weak:包皮包茎:answer:男科5-13000.csv:1421,
gold-00209,,historical,你不定期换药,你不定期换药,38,44,术后,包皮环切术是治疗阴茎包皮过长常用的手术治疗方案，术后需要有留意刀口卫生，建议你不定期换药，一般情况下在术后7天拆线，需要有看刀口结疤情况。,dialogue_weak:包皮包茎:answer:男科5-13000.csv:1423,
gold-00210,,historical,运用冰片,运用冰片,19,23,术后,包皮过长要环切治疗，术后的浮肿很常见，运用冰片冷敷是可以的，要留意不要烫伤皮肤。,dialogue_weak:龟头炎:answer:男科5-13000.csv:1441,
gold-00211,,historical,可以运用消肿止痛的药,可以运用消肿止痛的药,20,30,术后,建议术后水肿是很常见的，所以请不要惊慌，可以运用消肿止痛的药物治疗。,dialogue_weak:龟头炎:answer:男科5-13000.csv:1441,
gold-00212,,historical,包皮手术后水肿是比较常见的症,包皮手术后水肿是比较常见的症,0,14,术后,包皮手术后水肿是比较常见的症状，术后3到4天内阴茎头轻度水肿是正常现象，但拥有个体差异，水肿原因是包皮环切术后，因包皮系带处的血液循环比较丰富，术后皮肤的血管淋巴管被截断，新的回供应路创建，致使流入不好，需有一段时间。,dialogue_weak:龟头炎:answer:男科5-13000.csv:1447,
gold-00213,,historical,详细的病,详细的病,18,22,病史,早泄的确诊主要依据患者对病史的陈述，详细的病史寻问是确诊和治疗早泄的根本，早泄的确诊是靠完整的病史来出是的，任何有射精过快的患者都应当详细的寻问其病史。,dialogue_weak:早泄:answer:男科5-13000.csv:1544,
gold-00214,,historical,早泄的确诊是靠完整的病,早泄的确诊是靠完整的病,37,48,病史,早泄的确诊主要依据患者对病史的陈述，详细的病史寻问是确诊和治疗早泄的根本，早泄的确诊是靠完整的病史来出是的，任何有射精过快的患者都应当详细的寻问其病史。,dialogue_weak:早泄:answer:男科5-13000.csv:1544,
gold-00215,,historical,一般3天后换药,一般3天后换药,15,22,术后,尽量少行走，以免术后运动破皮，一般3天后换药一次，过了三天左右正常运动一般无大碍了。,dialogue_weak:包皮包茎:answer:男科5-13000.csv:1734,
gold-00216,,historical,但是有的患者就会再次出现病,但是有的患者就会再次出现病,29,42,术后,这个与根据个人体质、病情等因素有关系的，有的患者不会病发，但是有的患者就会再次出现病发，所以在手术后必须注意预防工作，术后要注意歇息，注意不要做一些使腹内压升高的活动等。,dialogue_weak:精索静脉曲张:answer:男科5-13000.csv:1828,
gold-00217,,historical,消炎药个星期左右,消炎药个星期左右,10,18,术后,包皮术后一般建议口服消炎药个星期左右，伤口始终保持干净的情况下2到3天灭菌换药一次。,dialogue_weak:龟头炎:answer:男科5-13000.csv:2110,
gold-00218,,historical,你目前主要是附睾炎,你目前主要是附睾炎,10,19,病史,根据你的叙述及病史，你目前主要是附睾炎睾丸变大了，输液二十多天，现在不红不肿的，你想了解一下情况怎么办。,dialogue_weak:急性附睾炎:answer:男科5-13000.csv:2125,
gold-00219,,historical,患者症,患者症,24,27,术后,但是术后短期内会拥有局部血液循环障碍及流入不畅，患者症状缓解不明显的现象，可给与拉高阴囊等对症治疗，待局部流入通过侧支循环往复的创建稳定后，你的症状即可有缓解。,dialogue_weak:精索静脉曲张:answer:男科5-13000.csv:2394,
gold-00220,,historical,一般3天后换药,一般3天后换药,39,46,术后,做完包皮包茎手术之后，需要有卧床休息1-2天，尽量少幸运，以免术后运动有破皮，一般3天后换药一次，过了三天左右正常运动。,dialogue_weak:包皮包茎:answer:男科5-13000.csv:2636,
gold-00221,,historical,应按医生的建议按时到医院换药,应按医生的建议按时到医院换药,42,56,术后,青年人更需注意，应防止看情色书籍，电视等，恋人应暂隐瞒，不要热吻做爱等，防止性刺激，应按医生的建议按时到医院换药，术后应遵医嘱用药预防工作传染,dialogue_weak:包皮包茎:answer:男科5-13000.csv:2732,
gold-00222,,historical,抗感染,抗感染,5,8,术后,4、术后、抗感染、抗消炎,dialogue_weak:早泄:answer:男科5-13000.csv:3110,
gold-00223,,historical,抗消炎,抗消炎,9,12,术后,4、术后、抗感染、抗消炎,dialogue_weak:早泄:answer:男科5-13000.csv:3110,
gold-00224,,historical,抗消炎,抗消炎,8,11,术后,5、术后抗感染、抗消炎。,dialogue_weak:早泄:answer:男科5-13000.csv:3126,
gold-00225,,historical,过早的性交或是性生活有利于疾病,过早的性交或是性生活有利于疾病,57,72,术后,因为现在临床诊断上对于精索静脉曲张的手术主要是采取微创技术，所以术后的护肤是比较快的，一般在术后一个月就可以同房，过早的性交或是性生活有利于疾病的恢复，建议您要注意适度，防止频繁的性生活。,dialogue_weak:精索静脉曲张:answer:男科5-13000.csv:3290,
gold-00226,,historical,应该是属于慢性前列腺炎,应该是属于慢性前列腺炎,29,40,病史,你好：根据你的叙述，有前列腺炎的病史十多年，反反复复复发，应该是属于慢性前列腺炎，慢性前列腺炎是不容易康复的。,dialogue_weak:前列腺炎:answer:男科5-13000.csv:3452,
gold-00227,,historical,慢性前列腺炎,慢性前列腺炎,41,47,病史,你好：根据你的叙述，有前列腺炎的病史十多年，反反复复复发，应该是属于慢性前列腺炎，慢性前列腺炎是不容易康复的。,dialogue_weak:前列腺炎:answer:男科5-13000.csv:3452,
gold-00228,,historical,及病因方才能对症,及病因方才能对症,44,52,病史,这个阳痿早泄，勃起不坚，这属于男性性功能障碍，就是说需要有这个融合，临床诊断症状就病史，及病因方才能对症对因治疗,dialogue_weak:阳痿早泄:answer:男科5-13000.csv:3579,
gold-00229,,historical,行得通经皮刺击插管精索内静脉栓塞,行得通经皮刺击插管精索内静脉栓塞,9,25,术后,3.如手术后病发，行得通经皮刺击插管精索内静脉栓塞术。,dialogue_weak:精索静脉曲张:answer:男科5-13000.csv:5636,
gold-00230,,historical,前列腺炎,前列腺炎,36,40,术后,多为细菌侵及睾丸所致，传染途径以倒行传染为基础，多再次发生在下尿路感染、前列腺炎、经尿道手术后以及长期羁押导尿管的患者，引来附睾睾丸炎，也可以经血行播散至睾丸，引来单纯的睾丸炎，致病菌常为大肠杆菌、变形杆菌、葡萄球菌、肠球菌及绿脓杆菌等。,dialogue_weak:睾丸扭转:answer:男科5-13000.csv:5783,
gold-00231,,historical,引来附睾睾丸炎,引来附睾睾丸炎,60,67,术后,多为细菌侵及睾丸所致，传染途径以倒行传染为基础，多再次发生在下尿路感染、前列腺炎、经尿道手术后以及长期羁押导尿管的患者，引来附睾睾丸炎，也可以经血行播散至睾丸，引来单纯的睾丸炎，致病菌常为大肠杆菌、变形杆菌、葡萄球菌、肠球菌及绿脓杆菌等。,dialogue_weak:睾丸扭转:answer:男科5-13000.csv:5783,
gold-00232,,historical,更何况手术本身就拥有许多的后遗症,更何况手术本身就拥有许多的后遗症,72,88,术后,绝大部分人可能会都知晓前列腺炎尤其是慢性前列腺炎是很难治疗的，而对于慢性前列腺炎的治疗更是个慢过程，即使是手术后也是需要有使用药物来长期调养的，更何况手术本身就拥有许多的后遗症问题。,dialogue_weak:前列腺囊肿:answer:男科5-13000.csv:5802,
gold-00233,,historical,药物来长期调养的,药物来长期调养的,63,71,术后,绝大部分人可能会都知晓前列腺炎尤其是慢性前列腺炎是很难治疗的，而对于慢性前列腺炎的治疗更是个慢过程，即使是手术后也是需要有使用药物来长期调养的，更何况手术本身就拥有许多的后遗症问题。,dialogue_weak:前列腺囊肿:answer:男科5-13000.csv:5802,
gold-00234,,historical,前列腺炎,前列腺炎,19,23,术后,"睾丸炎病因多见于倒行传染如下尿路感染,前列腺炎,尿道手术后,长期羁押导尿管者等等;",dialogue_weak:睾丸炎:answer:男科5-13000.csv:6001,
gold-00235,,historical,随着病,随着病,21,24,术后,前列腺增生手术后初期需要有置放导尿管排尿，随着病情康复，逐渐将尿管剪除，以免置放时间过长引来传染。,dialogue_weak:前列腺增生:answer:男科5-13000.csv:6211,
gold-00236,,historical,精囊炎,精囊炎,46,49,病史,死精症可从以下许多症状来确诊、有些患者无临床诊断症状，部分患者或有慢性前列腺炎病史、睾丸炎、精囊炎等，有的患者有遗精、早泄或是性欲低下的现象、对死精的症状确诊的主要依据就是精液化验，一般来说，精液化验不活精子数的40%以上者，称之为死精过多。,dialogue_weak:死精症:answer:男科5-13000.csv:6273,
gold-00237,,historical,防止伤口感染,防止伤口感染,24,30,术后,术后需2个星期，增加对阴茎的刺激，防止经常勃起，防止伤口感染，有的服食抗生素几天消肿就可男科医院生殖整形筛查中心是第一家男性生殖整形和性功能重建谈判临床诊断基地。,dialogue_weak:龟头炎:answer:男科5-13000.csv:6366,
gold-00238,,historical,更何况手术本身就拥有许多的后遗症,更何况手术本身就拥有许多的后遗症,74,90,术后,绝大部分人可能会都知晓前列腺炎尤其是慢性前列腺炎是很难治疗的，而对于慢性前列腺炎的治疗更是个“慢过程”，即使是手术后也是需要有使用药物来长期调养的，更何况手术本身就拥有许多的后遗症问题。,dialogue_weak:前列腺囊肿:answer:男科5-13000.csv:6462,
gold-00239,,historical,药物来长期调养的,药物来长期调养的,65,73,术后,绝大部分人可能会都知晓前列腺炎尤其是慢性前列腺炎是很难治疗的，而对于慢性前列腺炎的治疗更是个“慢过程”，即使是手术后也是需要有使用药物来长期调养的，更何况手术本身就拥有许多的后遗症问题。,dialogue_weak:前列腺囊肿:answer:男科5-13000.csv:6462,
gold-00240,,historical,前列腺炎,前列腺炎,62,66,术后,从您的叙述看不能够剔除睾丸炎，附睾炎等情况的可能会，多为细菌侵及睾丸所致，传染途径以倒行传染为基础，多再次发生在下尿路感染、前列腺炎、经尿道手术后以及长期羁押导尿管的患者，引来附睾睾丸炎，也可以经血行播散至睾丸，引来单纯的睾丸炎，致病菌常为大肠杆菌、变形杆菌、葡萄球菌、肠球菌及绿脓杆菌等。,dialogue_weak:睾丸炎:answer:男科5-13000.csv:6719,
gold-00241,,historical,引来附睾睾丸炎,引来附睾睾丸炎,86,93,术后,从您的叙述看不能够剔除睾丸炎，附睾炎等情况的可能会，多为细菌侵及睾丸所致，传染途径以倒行传染为基础，多再次发生在下尿路感染、前列腺炎、经尿道手术后以及长期羁押导尿管的患者，引来附睾睾丸炎，也可以经血行播散至睾丸，引来单纯的睾丸炎，致病菌常为大肠杆菌、变形杆菌、葡萄球菌、肠球菌及绿脓杆菌等。,dialogue_weak:睾丸炎:answer:男科5-13000.csv:6719,
gold-00242,,historical,针对性用药,针对性用药,105,110,术后,1、术前的仔细检查费用：前列腺痛的术前仔细检查是非常重要的2、手术费用：前列腺痛的手术费主要就是根据不同的人流方式而有所差异的3、术后消炎费：这一小部分费用并不是千篇一律的，主要还是需要有根据手术后的不同情况，针对性用药，费用也有不同。,dialogue_weak:前列腺痛:answer:男科5-13000.csv:6806,
gold-00243,,historical,需要有长期的服用药,需要有长期的服用药,83,92,术后,建议较好还是注意休息，作好伤口的局部卫生预防工作感染的现象，建议较好还是去正规的医院理解治疗，一般私立医院的话收费比较昂贵，术后一定要注意实施调养早泄病情易反反复复，需要有长期的服用药物。,dialogue_weak:早泄:answer:男科5-13000.csv:6960,
gold-00244,,historical,只好代表以前有过炎症,只好代表以前有过炎症,31,41,既往,前列腺中的纤维化点一般就是既往有前列腺慢性炎症，愈后遗留下的，只好代表以前有过炎症，现在一般不会有什么症状，也无须治疗。,dialogue_weak:前列腺钙化:answer:男科5-13000.csv:7072,
gold-00245,,historical,随着病,随着病,21,24,术后,前列腺增生手术后初期需要有置放导尿管排尿，随着病情康复，逐渐将尿管剪除，以免置放时间过长导致感染。,dialogue_weak:前列腺增生:answer:男科5-13000.csv:7101,
gold-00246,,historical,寄生虫感染,寄生虫感染,10,15,既往,也可因霉菌、螺旋体、寄生虫感染引发，既往有睾丸外伤者，可再次发生肉芽肿性睾丸炎。,dialogue_weak:睾丸炎:answer:男科5-13000.csv:7304,
gold-00247,,historical,可再次发生肉芽肿性睾丸炎,可再次发生肉芽肿性睾丸炎,27,39,既往,也可因霉菌、螺旋体、寄生虫感染引发，既往有睾丸外伤者，可再次发生肉芽肿性睾丸炎。,dialogue_weak:睾丸炎:answer:男科5-13000.csv:7304,
gold-00248,,historical,有上感症,有上感症,12,16,术后,你是疝气手术术后第四天，有上感症状，这是可以口服止咳药的，这是必须这样救治的，增加一切增强腹压的诱因。,dialogue_weak:疝气:answer:男科5-13000.csv:7537,
gold-00249,,historical,这是可以口服止咳药,这是可以口服止咳药,18,27,术后,你是疝气手术术后第四天，有上感症状，这是可以口服止咳药的，这是必须这样救治的，增加一切增强腹压的诱因。,dialogue_weak:疝气:answer:男科5-13000.csv:7537,
gold-00250,,historical,止咳药的,止咳药的,24,28,术后,你是疝气手术术后第四天，有上感症状，这是可以口服止咳药的，这是必须这样救治的，增加一切增强腹压的诱因。,dialogue_weak:疝气:answer:男科5-13000.csv:7537,
gold-00251,,family_history,针对病,针对病,12,15,父亲,建议你父亲积极就诊救治，针对病因救治。,dialogue_weak:前列腺炎:answer:男科5-13000.csv:1518,
gold-00252,,family_history,BPH,BPH,28,31,家族史,近年来也注意到抽烟、肥胖及吸毒、家族史、人种及地理环境对BPH再次发生的关系。,dialogue_weak:前列腺增生:answer:男科5-13000.csv:1793,
gold-00253,,family_history,许多精索静脉曲张症,许多精索静脉曲张症,0,9,父亲,许多精索静脉曲张症状较轻，因此许多患者不采用治疗，但这样的行为是错误的，精索静脉曲张不治疗会抹杀男性做父亲的权利，因此，该病的治疗不容忽视。,dialogue_weak:精索静脉曲张:answer:男科5-13000.csv:8879,
gold-00254,,family_history,该病,该病,60,62,父亲,许多精索静脉曲张症状较轻，因此许多患者不采用治疗，但这样的行为是错误的，精索静脉曲张不治疗会抹杀男性做父亲的权利，因此，该病的治疗不容忽视。,dialogue_weak:精索静脉曲张:answer:男科5-13000.csv:8879,
gold-00255,,family_history,前列腺增生对症,前列腺增生对症,18,25,父亲,建议你带你父亲比较好到正规医院复诊，前列腺增生对症治疗方才能获得好的治疗效果。,dialogue_weak:前列腺增生:answer:男科5-13000.csv:20757,
gold-00256,,family_history,专心给父亲服食之前的药,专心给父亲服食之前的药,0,11,父亲,专心给父亲服食之前的药为佳前列腺钙化是可以纾解的。,dialogue_weak:前列腺钙化:answer:男科5-13000.csv:23195,
gold-00257,,family_history,诊断是什么病,诊断是什么病,16,22,父亲,建议你父亲先去医院做个仔细检查，诊断是什么病原体传染所致。,dialogue_weak:前列腺增生:answer:男科5-13000.csv:27254,
gold-00258,,family_history,对该病,对该病,26,29,家族史,近年来发觉，抽烟，肥胖醺酒，家族史，人种及地域环境，对该病的再次发生都是有关系的。,dialogue_weak:前列腺增生:answer:男科5-13000.csv:31269,
gold-00259,,family_history,但是对于糖尿病,但是对于糖尿病,16,23,母亲,剖宫产宝宝仔细检查血糖不是常规，但是对于糖尿病母亲或者巨大儿是常规。,dialogue_weak:前列腺炎:answer:男科5-13000.csv:38120,
gold-00260,,family_history,你父亲的情况需要有考量是癌症,你父亲的情况需要有考量是癌症,0,14,父亲,你父亲的情况需要有考量是癌症晚期致使的营养不良。,dialogue_weak:男性功能障碍:answer:男科5-13000.csv:43785,
gold-00261,,family_history,hcg,hcg,37,40,母亲,小孩子降生的时候睾丸没正常下来，就是隐睾，也就是睾丸没上升，和母亲体内血液hcg的数量还不够，没让小孩子很好的睾丸从腹腔里面上升到阴囊的位置有关系，也就是个隐睾，实施手术治疗，可以基本根治，越早手术效果越好，防止成年以后影响到小孩正常的个精子生长发育,dialogue_weak:睾丸畸形:answer:男科5-13000.csv:48698,
gold-00262,,family_history,你父亲可以适当口服强精补肾的中药,你父亲可以适当口服强精补肾的中药,0,16,父亲,你父亲可以适当口服强精补肾的中药实施调养。,dialogue_weak:睾丸炎:answer:男科5-13000.csv:53975,
gold-00263,,family_history,强精补肾的中药实施调养,强精补肾的中药实施调养,9,20,父亲,你父亲可以适当口服强精补肾的中药实施调养。,dialogue_weak:睾丸炎:answer:男科5-13000.csv:53975,
gold-00264,,family_history,你患慢性前列腺炎,你患慢性前列腺炎,0,8,家族史,你患慢性前列腺炎已经有三年的时间了，但是慢性前列腺炎疾病并不会引来前列腺癌再次发生的，致使前列腺癌疾病的病因很有可能与家族史有关系的，如果家族有患癌症人群那么你患癌的几率会比较高，再出也可能与激素方面有关系，或者年龄都有关系的。,dialogue_weak:前列腺炎:answer:男科5-13000.csv:54717,
gold-00265,,family_history,致使前列腺癌疾病的病,致使前列腺癌疾病的病,43,53,家族史,你患慢性前列腺炎已经有三年的时间了，但是慢性前列腺炎疾病并不会引来前列腺癌再次发生的，致使前列腺癌疾病的病因很有可能与家族史有关系的，如果家族有患癌症人群那么你患癌的几率会比较高，再出也可能与激素方面有关系，或者年龄都有关系的。,dialogue_weak:前列腺炎:answer:男科5-13000.csv:54717,
gold-00266,,family_history,家族有患癌症人群那么你患癌,家族有患癌症人群那么你患癌,69,82,家族史,你患慢性前列腺炎已经有三年的时间了，但是慢性前列腺炎疾病并不会引来前列腺癌再次发生的，致使前列腺癌疾病的病因很有可能与家族史有关系的，如果家族有患癌症人群那么你患癌的几率会比较高，再出也可能与激素方面有关系，或者年龄都有关系的。,dialogue_weak:前列腺炎:answer:男科5-13000.csv:54717,
gold-00267,,family_history,您父亲也有可能是前列腺增生等疾病,您父亲也有可能是前列腺增生等疾病,11,27,父亲,融合您购买的情况讲解，您父亲也有可能是前列腺增生等疾病。,dialogue_weak:前列腺囊肿:answer:男科5-13000.csv:59835,
gold-00268,,family_history,治疗的时候主要以口服药,治疗的时候主要以口服药,42,53,兄弟,临床诊断上早泄和勃起功能障碍，早泄是个兄弟，临床诊断上早泄在一般同时伴发早泄的时候，治疗的时候主要以口服药物实施治疗为基础，一般中医上来说主要是由于心肾不交，肾气亏虚或者是疲劳综合征等原因导致的，这两个时候最好可以口服一些中成药中成药，比如说补肾起萎胶囊，六味地黄丸等药物，药物连续服用两周,dialogue_weak:勃起功能障碍:answer:男科5-13000.csv:60157,
gold-00269,,family_history,说补肾起萎胶囊,说补肾起萎胶囊,120,127,兄弟,临床诊断上早泄和勃起功能障碍，早泄是个兄弟，临床诊断上早泄在一般同时伴发早泄的时候，治疗的时候主要以口服药物实施治疗为基础，一般中医上来说主要是由于心肾不交，肾气亏虚或者是疲劳综合征等原因导致的，这两个时候最好可以口服一些中成药中成药，比如说补肾起萎胶囊，六味地黄丸等药物，药物连续服用两周,dialogue_weak:勃起功能障碍:answer:男科5-13000.csv:60157,
gold-00270,,family_history,六味地黄丸等药,六味地黄丸等药,128,135,兄弟,临床诊断上早泄和勃起功能障碍，早泄是个兄弟，临床诊断上早泄在一般同时伴发早泄的时候，治疗的时候主要以口服药物实施治疗为基础，一般中医上来说主要是由于心肾不交，肾气亏虚或者是疲劳综合征等原因导致的，这两个时候最好可以口服一些中成药中成药，比如说补肾起萎胶囊，六味地黄丸等药物，药物连续服用两周,dialogue_weak:勃起功能障碍:answer:男科5-13000.csv:60157,
gold-00271,,family_history,药物实施治疗为基础,药物实施治疗为基础,52,61,兄弟,临床诊断上早泄和勃起功能障碍，早泄是个兄弟，临床诊断上早泄在一般同时伴发早泄的时候，治疗的时候主要以口服药物实施治疗为基础，一般中医上来说主要是由于心肾不交，肾气亏虚或者是疲劳综合征等原因导致的，这两个时候最好可以口服一些中成药中成药，比如说补肾起萎胶囊，六味地黄丸等药物，药物连续服用两周,dialogue_weak:勃起功能障碍:answer:男科5-13000.csv:60157,
gold-00272,,family_history,中成药中成药,中成药中成药,111,117,兄弟,临床诊断上早泄和勃起功能障碍，早泄是个兄弟，临床诊断上早泄在一般同时伴发早泄的时候，治疗的时候主要以口服药物实施治疗为基础，一般中医上来说主要是由于心肾不交，肾气亏虚或者是疲劳综合征等原因导致的，这两个时候最好可以口服一些中成药中成药，比如说补肾起萎胶囊，六味地黄丸等药物，药物连续服用两周,dialogue_weak:勃起功能障碍:answer:男科5-13000.csv:60157,
gold-00273,,family_history,两周,两周,143,145,兄弟,临床诊断上早泄和勃起功能障碍，早泄是个兄弟，临床诊断上早泄在一般同时伴发早泄的时候，治疗的时候主要以口服药物实施治疗为基础，一般中医上来说主要是由于心肾不交，肾气亏虚或者是疲劳综合征等原因导致的，这两个时候最好可以口服一些中成药中成药，比如说补肾起萎胶囊，六味地黄丸等药物，药物连续服用两周,dialogue_weak:勃起功能障碍:answer:男科5-13000.csv:60157,
gold-00274,,family_history,两者在感染,两者在感染,19,24,兄弟,精囊与前列腺的解剖和生理功能密切相关，两者在感染的来源、临床症状以及诊断方法上都十分相似，而且两者之间常互相影响，成为“患难兄弟”。,dialogue_weak:精囊炎:answer:男科5-13000.csv:64659,
gold-00275,,family_history,临床症,临床症,28,31,兄弟,精囊与前列腺的解剖和生理功能密切相关，两者在感染的来源、临床症状以及诊断方法上都十分相似，而且两者之间常互相影响，成为“患难兄弟”。,dialogue_weak:精囊炎:answer:男科5-13000.csv:64659,
gold-00276,,family_history,.器质性不射精症,.器质性不射精症,32,40,遗传史,"或是在其他情况下可射出精液,而在阴道内不射精.两者统称为不射精症.器质性不射精症多见于先天性泌尿生殖系统发育异常,脊髓损伤,输精管梗阻,某些颅脑病变,女性阴道过于宽松和服用某些药物等,没有精神性不射精症多见.不射精症影响生殖健康,可引起男性不育.另外,不射精症由于在性交中无性高潮,使性的兴趣大减,因而往往可伴有性欲减退,夫妻之间也可能出现一定程度的感情危机,因此应主动就医.不射精症的治疗要区别不同病因,采取病因学治疗.功能性不射精多有遗传史和非性交状态下射精史.如：（1）性知识缺乏.（2）心理因素.（3）射精衰竭症.",dialogue_weak:不射精症:answer:男科5-13000.csv:68542,
gold-00277,,family_history,脊髓损伤,脊髓损伤,57,61,遗传史,"或是在其他情况下可射出精液,而在阴道内不射精.两者统称为不射精症.器质性不射精症多见于先天性泌尿生殖系统发育异常,脊髓损伤,输精管梗阻,某些颅脑病变,女性阴道过于宽松和服用某些药物等,没有精神性不射精症多见.不射精症影响生殖健康,可引起男性不育.另外,不射精症由于在性交中无性高潮,使性的兴趣大减,因而往往可伴有性欲减退,夫妻之间也可能出现一定程度的感情危机,因此应主动就医.不射精症的治疗要区别不同病因,采取病因学治疗.功能性不射精多有遗传史和非性交状态下射精史.如：（1）性知识缺乏.（2）心理因素.（3）射精衰竭症.",dialogue_weak:不射精症:answer:男科5-13000.csv:68542,
gold-00278,,family_history,某些颅脑病,某些颅脑病,68,73,遗传史,"或是在其他情况下可射出精液,而在阴道内不射精.两者统称为不射精症.器质性不射精症多见于先天性泌尿生殖系统发育异常,脊髓损伤,输精管梗阻,某些颅脑病变,女性阴道过于宽松和服用某些药物等,没有精神性不射精症多见.不射精症影响生殖健康,可引起男性不育.另外,不射精症由于在性交中无性高潮,使性的兴趣大减,因而往往可伴有性欲减退,夫妻之间也可能出现一定程度的感情危机,因此应主动就医.不射精症的治疗要区别不同病因,采取病因学治疗.功能性不射精多有遗传史和非性交状态下射精史.如：（1）性知识缺乏.（2）心理因素.（3）射精衰竭症.",dialogue_weak:不射精症:answer:男科5-13000.csv:68542,
gold-00279,,family_history,精神性不射精症多见.不射精症,精神性不射精症多见.不射精症,94,108,遗传史,"或是在其他情况下可射出精液,而在阴道内不射精.两者统称为不射精症.器质性不射精症多见于先天性泌尿生殖系统发育异常,脊髓损伤,输精管梗阻,某些颅脑病变,女性阴道过于宽松和服用某些药物等,没有精神性不射精症多见.不射精症影响生殖健康,可引起男性不育.另外,不射精症由于在性交中无性高潮,使性的兴趣大减,因而往往可伴有性欲减退,夫妻之间也可能出现一定程度的感情危机,因此应主动就医.不射精症的治疗要区别不同病因,采取病因学治疗.功能性不射精多有遗传史和非性交状态下射精史.如：（1）性知识缺乏.（2）心理因素.（3）射精衰竭症.",dialogue_weak:不射精症:answer:男科5-13000.csv:68542,
gold-00280,,family_history,不射精症,不射精症,126,130,遗传史,"或是在其他情况下可射出精液,而在阴道内不射精.两者统称为不射精症.器质性不射精症多见于先天性泌尿生殖系统发育异常,脊髓损伤,输精管梗阻,某些颅脑病变,女性阴道过于宽松和服用某些药物等,没有精神性不射精症多见.不射精症影响生殖健康,可引起男性不育.另外,不射精症由于在性交中无性高潮,使性的兴趣大减,因而往往可伴有性欲减退,夫妻之间也可能出现一定程度的感情危机,因此应主动就医.不射精症的治疗要区别不同病因,采取病因学治疗.功能性不射精多有遗传史和非性交状态下射精史.如：（1）性知识缺乏.（2）心理因素.（3）射精衰竭症.",dialogue_weak:不射精症:answer:男科5-13000.csv:68542,
gold-00281,,family_history,射精衰竭症,射精衰竭症,255,260,遗传史,"或是在其他情况下可射出精液,而在阴道内不射精.两者统称为不射精症.器质性不射精症多见于先天性泌尿生殖系统发育异常,脊髓损伤,输精管梗阻,某些颅脑病变,女性阴道过于宽松和服用某些药物等,没有精神性不射精症多见.不射精症影响生殖健康,可引起男性不育.另外,不射精症由于在性交中无性高潮,使性的兴趣大减,因而往往可伴有性欲减退,夫妻之间也可能出现一定程度的感情危机,因此应主动就医.不射精症的治疗要区别不同病因,采取病因学治疗.功能性不射精多有遗传史和非性交状态下射精史.如：（1）性知识缺乏.（2）心理因素.（3）射精衰竭症.",dialogue_weak:不射精症:answer:男科5-13000.csv:68542,
gold-00282,,family_history,某些药物等,某些药物等,86,91,遗传史,"或是在其他情况下可射出精液,而在阴道内不射精.两者统称为不射精症.器质性不射精症多见于先天性泌尿生殖系统发育异常,脊髓损伤,输精管梗阻,某些颅脑病变,女性阴道过于宽松和服用某些药物等,没有精神性不射精症多见.不射精症影响生殖健康,可引起男性不育.另外,不射精症由于在性交中无性高潮,使性的兴趣大减,因而往往可伴有性欲减退,夫妻之间也可能出现一定程度的感情危机,因此应主动就医.不射精症的治疗要区别不同病因,采取病因学治疗.功能性不射精多有遗传史和非性交状态下射精史.如：（1）性知识缺乏.（2）心理因素.（3）射精衰竭症.",dialogue_weak:不射精症:answer:男科5-13000.csv:68542,
gold-00283,,family_history,确定或许是什么病,确定或许是什么病,49,57,父亲,前列腺增大伴结石治疗具体的费用需要根据你病人的实际情况来定的，你可以带您父亲来医院做个相关的检查，确定或许是什么病情，再制定相应的治疗方案,dialogue_weak:前列腺结石:answer:男科5-13000.csv:80912,
gold-00284,,family_history,脊髓损伤,脊髓损伤,61,65,遗传史,"你好不射精可分为精神性和器质性两类.对精神性不射精可在性咨询中察知精神因素.器质性不射精多见于先天性泌尿生殖系统发育异常,脊髓损伤,输精管梗阻,某些颅脑病变,女性阴道过于宽松和服用某些药物等,没有精神性不射精多见.不射精影响生殖健康,可引起男性不育.另外,不射精由于在性交中无性高潮,使性的兴趣大减,因而往往可伴有性欲减退,夫妻之间也可能出现一定程度的感情危机,因此应主动就医.不射精的治疗要区别不同病因,采取病因学治疗.功能性不射精多有遗传史和非性交状态下射精史.如：（1）性知识缺乏.（2）心理因素.（3）射精衰竭症.②泌尿生殖系统先天性发育缺陷或者炎症刺激,如膀胱颈松弛,精阜肥大,阴茎硬结症,阴茎外伤,严重尿道下裂,前列腺炎,精囊炎等.③内分泌功能紊乱,如垂体功能低下,甲状腺功能亢进,肢端肥大症,黏液性水肿等.④有些药物也可引起不射精,常见的有治疗高血压的胍乙啶和利血平,治疗神经衰弱的利眠宁,甲硫哒嗪等.不射精患者如果想生育,最好是能找出其发生原因,进行对症治疗,如进行心理疏导,掌握性知识,停用影响药物,治疗有关疾病等.恢复了射精功能,就可以正常地生育.",dialogue_weak:不射精症:answer:男科5-13000.csv:86120,
gold-00285,,family_history,某些颅脑病,某些颅脑病,72,77,遗传史,"你好不射精可分为精神性和器质性两类.对精神性不射精可在性咨询中察知精神因素.器质性不射精多见于先天性泌尿生殖系统发育异常,脊髓损伤,输精管梗阻,某些颅脑病变,女性阴道过于宽松和服用某些药物等,没有精神性不射精多见.不射精影响生殖健康,可引起男性不育.另外,不射精由于在性交中无性高潮,使性的兴趣大减,因而往往可伴有性欲减退,夫妻之间也可能出现一定程度的感情危机,因此应主动就医.不射精的治疗要区别不同病因,采取病因学治疗.功能性不射精多有遗传史和非性交状态下射精史.如：（1）性知识缺乏.（2）心理因素.（3）射精衰竭症.②泌尿生殖系统先天性发育缺陷或者炎症刺激,如膀胱颈松弛,精阜肥大,阴茎硬结症,阴茎外伤,严重尿道下裂,前列腺炎,精囊炎等.③内分泌功能紊乱,如垂体功能低下,甲状腺功能亢进,肢端肥大症,黏液性水肿等.④有些药物也可引起不射精,常见的有治疗高血压的胍乙啶和利血平,治疗神经衰弱的利眠宁,甲硫哒嗪等.不射精患者如果想生育,最好是能找出其发生原因,进行对症治疗,如进行心理疏导,掌握性知识,停用影响药物,治疗有关疾病等.恢复了射精功能,就可以正常地生育.",dialogue_weak:不射精症:answer:男科5-13000.csv:86120,
gold-00286,,family_history,射精衰竭症,射精衰竭症,255,260,遗传史,"你好不射精可分为精神性和器质性两类.对精神性不射精可在性咨询中察知精神因素.器质性不射精多见于先天性泌尿生殖系统发育异常,脊髓损伤,输精管梗阻,某些颅脑病变,女性阴道过于宽松和服用某些药物等,没有精神性不射精多见.不射精影响生殖健康,可引起男性不育.另外,不射精由于在性交中无性高潮,使性的兴趣大减,因而往往可伴有性欲减退,夫妻之间也可能出现一定程度的感情危机,因此应主动就医.不射精的治疗要区别不同病因,采取病因学治疗.功能性不射精多有遗传史和非性交状态下射精史.如：（1）性知识缺乏.（2）心理因素.（3）射精衰竭症.②泌尿生殖系统先天性发育缺陷或者炎症刺激,如膀胱颈松弛,精阜肥大,阴茎硬结症,阴茎外伤,严重尿道下裂,前列腺炎,精囊炎等.③内分泌功能紊乱,如垂体功能低下,甲状腺功能亢进,肢端肥大症,黏液性水肿等.④有些药物也可引起不射精,常见的有治疗高血压的胍乙啶和利血平,治疗神经衰弱的利眠宁,甲硫哒嗪等.不射精患者如果想生育,最好是能找出其发生原因,进行对症治疗,如进行心理疏导,掌握性知识,停用影响药物,治疗有关疾病等.恢复了射精功能,就可以正常地生育.",dialogue_weak:不射精症:answer:男科5-13000.csv:86120,
gold-00287,,family_history,阴茎硬结症,阴茎硬结症,294,299,遗传史,"你好不射精可分为精神性和器质性两类.对精神性不射精可在性咨询中察知精神因素.器质性不射精多见于先天性泌尿生殖系统发育异常,脊髓损伤,输精管梗阻,某些颅脑病变,女性阴道过于宽松和服用某些药物等,没有精神性不射精多见.不射精影响生殖健康,可引起男性不育.另外,不射精由于在性交中无性高潮,使性的兴趣大减,因而往往可伴有性欲减退,夫妻之间也可能出现一定程度的感情危机,因此应主动就医.不射精的治疗要区别不同病因,采取病因学治疗.功能性不射精多有遗传史和非性交状态下射精史.如：（1）性知识缺乏.（2）心理因素.（3）射精衰竭症.②泌尿生殖系统先天性发育缺陷或者炎症刺激,如膀胱颈松弛,精阜肥大,阴茎硬结症,阴茎外伤,严重尿道下裂,前列腺炎,精囊炎等.③内分泌功能紊乱,如垂体功能低下,甲状腺功能亢进,肢端肥大症,黏液性水肿等.④有些药物也可引起不射精,常见的有治疗高血压的胍乙啶和利血平,治疗神经衰弱的利眠宁,甲硫哒嗪等.不射精患者如果想生育,最好是能找出其发生原因,进行对症治疗,如进行心理疏导,掌握性知识,停用影响药物,治疗有关疾病等.恢复了射精功能,就可以正常地生育.",dialogue_weak:不射精症:answer:男科5-13000.csv:86120,
gold-00288,,family_history,前列腺炎,前列腺炎,312,316,遗传史,"你好不射精可分为精神性和器质性两类.对精神性不射精可在性咨询中察知精神因素.器质性不射精多见于先天性泌尿生殖系统发育异常,脊髓损伤,输精管梗阻,某些颅脑病变,女性阴道过于宽松和服用某些药物等,没有精神性不射精多见.不射精影响生殖健康,可引起男性不育.另外,不射精由于在性交中无性高潮,使性的兴趣大减,因而往往可伴有性欲减退,夫妻之间也可能出现一定程度的感情危机,因此应主动就医.不射精的治疗要区别不同病因,采取病因学治疗.功能性不射精多有遗传史和非性交状态下射精史.如：（1）性知识缺乏.（2）心理因素.（3）射精衰竭症.②泌尿生殖系统先天性发育缺陷或者炎症刺激,如膀胱颈松弛,精阜肥大,阴茎硬结症,阴茎外伤,严重尿道下裂,前列腺炎,精囊炎等.③内分泌功能紊乱,如垂体功能低下,甲状腺功能亢进,肢端肥大症,黏液性水肿等.④有些药物也可引起不射精,常见的有治疗高血压的胍乙啶和利血平,治疗神经衰弱的利眠宁,甲硫哒嗪等.不射精患者如果想生育,最好是能找出其发生原因,进行对症治疗,如进行心理疏导,掌握性知识,停用影响药物,治疗有关疾病等.恢复了射精功能,就可以正常地生育.",dialogue_weak:不射精症:answer:男科5-13000.csv:86120,
gold-00289,,family_history,精囊炎,精囊炎,317,320,遗传史,"你好不射精可分为精神性和器质性两类.对精神性不射精可在性咨询中察知精神因素.器质性不射精多见于先天性泌尿生殖系统发育异常,脊髓损伤,输精管梗阻,某些颅脑病变,女性阴道过于宽松和服用某些药物等,没有精神性不射精多见.不射精影响生殖健康,可引起男性不育.另外,不射精由于在性交中无性高潮,使性的兴趣大减,因而往往可伴有性欲减退,夫妻之间也可能出现一定程度的感情危机,因此应主动就医.不射精的治疗要区别不同病因,采取病因学治疗.功能性不射精多有遗传史和非性交状态下射精史.如：（1）性知识缺乏.（2）心理因素.（3）射精衰竭症.②泌尿生殖系统先天性发育缺陷或者炎症刺激,如膀胱颈松弛,精阜肥大,阴茎硬结症,阴茎外伤,严重尿道下裂,前列腺炎,精囊炎等.③内分泌功能紊乱,如垂体功能低下,甲状腺功能亢进,肢端肥大症,黏液性水肿等.④有些药物也可引起不射精,常见的有治疗高血压的胍乙啶和利血平,治疗神经衰弱的利眠宁,甲硫哒嗪等.不射精患者如果想生育,最好是能找出其发生原因,进行对症治疗,如进行心理疏导,掌握性知识,停用影响药物,治疗有关疾病等.恢复了射精功能,就可以正常地生育.",dialogue_weak:不射精症:answer:男科5-13000.csv:86120,
gold-00290,,family_history,肢端肥大症,肢端肥大症,347,352,遗传史,"你好不射精可分为精神性和器质性两类.对精神性不射精可在性咨询中察知精神因素.器质性不射精多见于先天性泌尿生殖系统发育异常,脊髓损伤,输精管梗阻,某些颅脑病变,女性阴道过于宽松和服用某些药物等,没有精神性不射精多见.不射精影响生殖健康,可引起男性不育.另外,不射精由于在性交中无性高潮,使性的兴趣大减,因而往往可伴有性欲减退,夫妻之间也可能出现一定程度的感情危机,因此应主动就医.不射精的治疗要区别不同病因,采取病因学治疗.功能性不射精多有遗传史和非性交状态下射精史.如：（1）性知识缺乏.（2）心理因素.（3）射精衰竭症.②泌尿生殖系统先天性发育缺陷或者炎症刺激,如膀胱颈松弛,精阜肥大,阴茎硬结症,阴茎外伤,严重尿道下裂,前列腺炎,精囊炎等.③内分泌功能紊乱,如垂体功能低下,甲状腺功能亢进,肢端肥大症,黏液性水肿等.④有些药物也可引起不射精,常见的有治疗高血压的胍乙啶和利血平,治疗神经衰弱的利眠宁,甲硫哒嗪等.不射精患者如果想生育,最好是能找出其发生原因,进行对症治疗,如进行心理疏导,掌握性知识,停用影响药物,治疗有关疾病等.恢复了射精功能,就可以正常地生育.",dialogue_weak:不射精症:answer:男科5-13000.csv:86120,
gold-00291,,family_history,有些药,有些药,361,364,遗传史,"你好不射精可分为精神性和器质性两类.对精神性不射精可在性咨询中察知精神因素.器质性不射精多见于先天性泌尿生殖系统发育异常,脊髓损伤,输精管梗阻,某些颅脑病变,女性阴道过于宽松和服用某些药物等,没有精神性不射精多见.不射精影响生殖健康,可引起男性不育.另外,不射精由于在性交中无性高潮,使性的兴趣大减,因而往往可伴有性欲减退,夫妻之间也可能出现一定程度的感情危机,因此应主动就医.不射精的治疗要区别不同病因,采取病因学治疗.功能性不射精多有遗传史和非性交状态下射精史.如：（1）性知识缺乏.（2）心理因素.（3）射精衰竭症.②泌尿生殖系统先天性发育缺陷或者炎症刺激,如膀胱颈松弛,精阜肥大,阴茎硬结症,阴茎外伤,严重尿道下裂,前列腺炎,精囊炎等.③内分泌功能紊乱,如垂体功能低下,甲状腺功能亢进,肢端肥大症,黏液性水肿等.④有些药物也可引起不射精,常见的有治疗高血压的胍乙啶和利血平,治疗神经衰弱的利眠宁,甲硫哒嗪等.不射精患者如果想生育,最好是能找出其发生原因,进行对症治疗,如进行心理疏导,掌握性知识,停用影响药物,治疗有关疾病等.恢复了射精功能,就可以正常地生育.",dialogue_weak:不射精症:answer:男科5-13000.csv:86120,
gold-00292,,family_history,常见的有治疗高血压,常见的有治疗高血压,373,382,遗传史,"你好不射精可分为精神性和器质性两类.对精神性不射精可在性咨询中察知精神因素.器质性不射精多见于先天性泌尿生殖系统发育异常,脊髓损伤,输精管梗阻,某些颅脑病变,女性阴道过于宽松和服用某些药物等,没有精神性不射精多见.不射精影响生殖健康,可引起男性不育.另外,不射精由于在性交中无性高潮,使性的兴趣大减,因而往往可伴有性欲减退,夫妻之间也可能出现一定程度的感情危机,因此应主动就医.不射精的治疗要区别不同病因,采取病因学治疗.功能性不射精多有遗传史和非性交状态下射精史.如：（1）性知识缺乏.（2）心理因素.（3）射精衰竭症.②泌尿生殖系统先天性发育缺陷或者炎症刺激,如膀胱颈松弛,精阜肥大,阴茎硬结症,阴茎外伤,严重尿道下裂,前列腺炎,精囊炎等.③内分泌功能紊乱,如垂体功能低下,甲状腺功能亢进,肢端肥大症,黏液性水肿等.④有些药物也可引起不射精,常见的有治疗高血压的胍乙啶和利血平,治疗神经衰弱的利眠宁,甲硫哒嗪等.不射精患者如果想生育,最好是能找出其发生原因,进行对症治疗,如进行心理疏导,掌握性知识,停用影响药物,治疗有关疾病等.恢复了射精功能,就可以正常地生育.",dialogue_weak:不射精症:answer:男科5-13000.csv:86120,
gold-00293,,family_history,停用影响药,停用影响药,452,457,遗传史,"你好不射精可分为精神性和器质性两类.对精神性不射精可在性咨询中察知精神因素.器质性不射精多见于先天性泌尿生殖系统发育异常,脊髓损伤,输精管梗阻,某些颅脑病变,女性阴道过于宽松和服用某些药物等,没有精神性不射精多见.不射精影响生殖健康,可引起男性不育.另外,不射精由于在性交中无性高潮,使性的兴趣大减,因而往往可伴有性欲减退,夫妻之间也可能出现一定程度的感情危机,因此应主动就医.不射精的治疗要区别不同病因,采取病因学治疗.功能性不射精多有遗传史和非性交状态下射精史.如：（1）性知识缺乏.（2）心理因素.（3）射精衰竭症.②泌尿生殖系统先天性发育缺陷或者炎症刺激,如膀胱颈松弛,精阜肥大,阴茎硬结症,阴茎外伤,严重尿道下裂,前列腺炎,精囊炎等.③内分泌功能紊乱,如垂体功能低下,甲状腺功能亢进,肢端肥大症,黏液性水肿等.④有些药物也可引起不射精,常见的有治疗高血压的胍乙啶和利血平,治疗神经衰弱的利眠宁,甲硫哒嗪等.不射精患者如果想生育,最好是能找出其发生原因,进行对症治疗,如进行心理疏导,掌握性知识,停用影响药物,治疗有关疾病等.恢复了射精功能,就可以正常地生育.",dialogue_weak:不射精症:answer:男科5-13000.csv:86120,
gold-00294,,family_history,治疗有关疾病,治疗有关疾病,459,465,遗传史,"你好不射精可分为精神性和器质性两类.对精神性不射精可在性咨询中察知精神因素.器质性不射精多见于先天性泌尿生殖系统发育异常,脊髓损伤,输精管梗阻,某些颅脑病变,女性阴道过于宽松和服用某些药物等,没有精神性不射精多见.不射精影响生殖健康,可引起男性不育.另外,不射精由于在性交中无性高潮,使性的兴趣大减,因而往往可伴有性欲减退,夫妻之间也可能出现一定程度的感情危机,因此应主动就医.不射精的治疗要区别不同病因,采取病因学治疗.功能性不射精多有遗传史和非性交状态下射精史.如：（1）性知识缺乏.（2）心理因素.（3）射精衰竭症.②泌尿生殖系统先天性发育缺陷或者炎症刺激,如膀胱颈松弛,精阜肥大,阴茎硬结症,阴茎外伤,严重尿道下裂,前列腺炎,精囊炎等.③内分泌功能紊乱,如垂体功能低下,甲状腺功能亢进,肢端肥大症,黏液性水肿等.④有些药物也可引起不射精,常见的有治疗高血压的胍乙啶和利血平,治疗神经衰弱的利眠宁,甲硫哒嗪等.不射精患者如果想生育,最好是能找出其发生原因,进行对症治疗,如进行心理疏导,掌握性知识,停用影响药物,治疗有关疾病等.恢复了射精功能,就可以正常地生育.",dialogue_weak:不射精症:answer:男科5-13000.csv:86120,
gold-00295,,family_history,某些药物等,某些药物等,90,95,遗传史,"你好不射精可分为精神性和器质性两类.对精神性不射精可在性咨询中察知精神因素.器质性不射精多见于先天性泌尿生殖系统发育异常,脊髓损伤,输精管梗阻,某些颅脑病变,女性阴道过于宽松和服用某些药物等,没有精神性不射精多见.不射精影响生殖健康,可引起男性不育.另外,不射精由于在性交中无性高潮,使性的兴趣大减,因而往往可伴有性欲减退,夫妻之间也可能出现一定程度的感情危机,因此应主动就医.不射精的治疗要区别不同病因,采取病因学治疗.功能性不射精多有遗传史和非性交状态下射精史.如：（1）性知识缺乏.（2）心理因素.（3）射精衰竭症.②泌尿生殖系统先天性发育缺陷或者炎症刺激,如膀胱颈松弛,精阜肥大,阴茎硬结症,阴茎外伤,严重尿道下裂,前列腺炎,精囊炎等.③内分泌功能紊乱,如垂体功能低下,甲状腺功能亢进,肢端肥大症,黏液性水肿等.④有些药物也可引起不射精,常见的有治疗高血压的胍乙啶和利血平,治疗神经衰弱的利眠宁,甲硫哒嗪等.不射精患者如果想生育,最好是能找出其发生原因,进行对症治疗,如进行心理疏导,掌握性知识,停用影响药物,治疗有关疾病等.恢复了射精功能,就可以正常地生育.",dialogue_weak:不射精症:answer:男科5-13000.csv:86120,
gold-00296,,family_history,癫痫是一种神经系统的疾病,癫痫是一种神经系统的疾病,0,12,母亲,癫痫是一种神经系统的疾病，此病分原发性及继发性癫痫，原发是从目前胎儿时期就生长发育再次出现的，有遗传性，继发是外伤及脑血管等疾病引发的，没遗传性，若你朋友母亲是原发性的，此病有遗传性，若此母亲孩子较多，不一定隔代遗传到哪一个。,dialogue_weak:神经科:answer:内科5000-33000.csv:256,
gold-00297,,family_history,此病,此病,13,15,母亲,癫痫是一种神经系统的疾病，此病分原发性及继发性癫痫，原发是从目前胎儿时期就生长发育再次出现的，有遗传性，继发是外伤及脑血管等疾病引发的，没遗传性，若你朋友母亲是原发性的，此病有遗传性，若此母亲孩子较多，不一定隔代遗传到哪一个。,dialogue_weak:神经科:answer:内科5000-33000.csv:256,
gold-00298,,family_history,继发是外伤及脑血管等疾病,继发是外伤及脑血管等疾病,52,64,母亲,癫痫是一种神经系统的疾病，此病分原发性及继发性癫痫，原发是从目前胎儿时期就生长发育再次出现的，有遗传性，继发是外伤及脑血管等疾病引发的，没遗传性，若你朋友母亲是原发性的，此病有遗传性，若此母亲孩子较多，不一定隔代遗传到哪一个。,dialogue_weak:神经科:answer:内科5000-33000.csv:256,
gold-00299,,family_history,此病,此病,85,87,母亲,癫痫是一种神经系统的疾病，此病分原发性及继发性癫痫，原发是从目前胎儿时期就生长发育再次出现的，有遗传性，继发是外伤及脑血管等疾病引发的，没遗传性，若你朋友母亲是原发性的，此病有遗传性，若此母亲孩子较多，不一定隔代遗传到哪一个。,dialogue_weak:神经科:answer:内科5000-33000.csv:256,
gold-00300,,family_history,想给他买点药,想给他买点药,24,30,父亲,现在正在追的女孩的父亲查出来有癫痫，女孩很担忧，想给他买点药，这个情况应当带他父亲到医院去做相关检查，而不是给他买药，药品是因人而异的，每个人的身体状况不同，基础疾病不同，不是每个药都适合，先去看医生最后让医生根据实际情况给他用药才是最合适的,dialogue_weak:神经科:answer:内科5000-33000.csv:317,
